file,line,type,commit,author,date,time,timezone,datetime,depth,length
style.css,1,css,0ceff637,harshatha-prasanna,2026-04-03,04:07:01,-07:00,2026-04-03T04:07:01-07:00,0,4
style.css,2,css,0ceff637,harshatha-prasanna,2026-04-03,04:07:01,-07:00,2026-04-03T04:07:01-07:00,2,23
style.css,3,css,fa6125e2,harshatha-prasanna,2026-04-08,18:48:41,-07:00,2026-04-08T18:48:41-07:00,2,15
style.css,4,css,fa6125e2,harshatha-prasanna,2026-04-08,18:48:41,-07:00,2026-04-08T18:48:41-07:00,2,42
style.css,5,css,fa6125e2,harshatha-prasanna,2026-04-08,18:48:41,-07:00,2026-04-08T18:48:41-07:00,0,0
style.css,6,css,fa6125e2,harshatha-prasanna,2026-04-08,18:48:41,-07:00,2026-04-08T18:48:41-07:00,0,0
style.css,7,css,fa6125e2,harshatha-prasanna,2026-04-08,18:48:41,-07:00,2026-04-08T18:48:41-07:00,0,4
style.css,8,css,fa6125e2,harshatha-prasanna,2026-04-08,18:48:41,-07:00,2026-04-08T18:48:41-07:00,2,31
style.css,9,css,fa6125e2,harshatha-prasanna,2026-04-08,18:48:41,-07:00,2026-04-08T18:48:41-07:00,2,32
style.css,10,css,5a2aec79,harshatha-prasanna,2026-04-16,21:06:40,-07:00,2026-04-16T21:06:40-07:00,2,23
style.css,11,css,fa6125e2,harshatha-prasanna,2026-04-08,18:48:41,-07:00,2026-04-08T18:48:41-07:00,0,0
style.css,12,css,fa6125e2,harshatha-prasanna,2026-04-08,18:48:41,-07:00,2026-04-08T18:48:41-07:00,0,0
style.css,13,css,fa6125e2,harshatha-prasanna,2026-04-08,18:48:41,-07:00,2026-04-08T18:48:41-07:00,0,3
style.css,14,css,fa6125e2,harshatha-prasanna,2026-04-08,18:48:41,-07:00,2026-04-08T18:48:41-07:00,2,12
style.css,15,css,5a2aec79,harshatha-prasanna,2026-04-16,21:06:40,-07:00,2026-04-16T21:06:40-07:00,2,39
style.css,16,css,5a2aec79,harshatha-prasanna,2026-04-16,21:06:40,-07:00,2026-04-16T21:06:40-07:00,2,43
style.css,17,css,fa6125e2,harshatha-prasanna,2026-04-08,18:48:41,-07:00,2026-04-08T18:48:41-07:00,2,19
style.css,18,css,fa6125e2,harshatha-prasanna,2026-04-08,18:48:41,-07:00,2026-04-08T18:48:41-07:00,0,0
style.css,19,css,fa6125e2,harshatha-prasanna,2026-04-08,18:48:41,-07:00,2026-04-08T18:48:41-07:00,0,0
style.css,20,css,fa6125e2,harshatha-prasanna,2026-04-08,18:48:41,-07:00,2026-04-08T18:48:41-07:00,0,5
style.css,21,css,fa6125e2,harshatha-prasanna,2026-04-08,18:48:41,-07:00,2026-04-08T18:48:41-07:00,2,6
style.css,22,css,fa6125e2,harshatha-prasanna,2026-04-08,18:48:41,-07:00,2026-04-08T18:48:41-07:00,2,20
style.css,23,css,fa6125e2,harshatha-prasanna,2026-04-08,18:48:41,-07:00,2026-04-08T18:48:41-07:00,2,13
style.css,24,css,fa6125e2,harshatha-prasanna,2026-04-08,18:48:41,-07:00,2026-04-08T18:48:41-07:00,2,17
style.css,25,css,fa6125e2,harshatha-prasanna,2026-04-08,18:48:41,-07:00,2026-04-08T18:48:41-07:00,2,13
style.css,26,css,fa6125e2,harshatha-prasanna,2026-04-08,18:48:41,-07:00,2026-04-08T18:48:41-07:00,0,0
style.css,27,css,fa6125e2,harshatha-prasanna,2026-04-08,18:48:41,-07:00,2026-04-08T18:48:41-07:00,0,0
style.css,28,css,fa6125e2,harshatha-prasanna,2026-04-08,18:48:41,-07:00,2026-04-08T18:48:41-07:00,0,13
style.css,29,css,5a2aec79,harshatha-prasanna,2026-04-16,21:06:40,-07:00,2026-04-16T21:06:40-07:00,2,45
style.css,30,css,fa6125e2,harshatha-prasanna,2026-04-08,18:48:41,-07:00,2026-04-08T18:48:41-07:00,2,20
style.css,31,css,fa6125e2,harshatha-prasanna,2026-04-08,18:48:41,-07:00,2026-04-08T18:48:41-07:00,0,0
style.css,32,css,fa6125e2,harshatha-prasanna,2026-04-08,18:48:41,-07:00,2026-04-08T18:48:41-07:00,0,0
style.css,33,css,fa6125e2,harshatha-prasanna,2026-04-08,18:48:41,-07:00,2026-04-08T18:48:41-07:00,0,11
style.css,34,css,fa6125e2,harshatha-prasanna,2026-04-08,18:48:41,-07:00,2026-04-08T18:48:41-07:00,2,45
style.css,35,css,fa6125e2,harshatha-prasanna,2026-04-08,18:48:41,-07:00,2026-04-08T18:48:41-07:00,2,20
style.css,36,css,5a2aec79,harshatha-prasanna,2026-04-16,21:06:40,-07:00,2026-04-16T21:06:40-07:00,2,69
style.css,37,css,fa6125e2,harshatha-prasanna,2026-04-08,18:48:41,-07:00,2026-04-08T18:48:41-07:00,0,0
style.css,38,css,fa6125e2,harshatha-prasanna,2026-04-08,18:48:41,-07:00,2026-04-08T18:48:41-07:00,0,0
style.css,39,css,fa6125e2,harshatha-prasanna,2026-04-08,18:48:41,-07:00,2026-04-08T18:48:41-07:00,0,16
style.css,40,css,fa6125e2,harshatha-prasanna,2026-04-08,18:48:41,-07:00,2026-04-08T18:48:41-07:00,0,4
style.css,41,css,fa6125e2,harshatha-prasanna,2026-04-08,18:48:41,-07:00,2026-04-08T18:48:41-07:00,2,12
style.css,42,css,fa6125e2,harshatha-prasanna,2026-04-08,18:48:41,-07:00,2026-04-08T18:48:41-07:00,2,30
style.css,43,css,fa6125e2,harshatha-prasanna,2026-04-08,18:48:41,-07:00,2026-04-08T18:48:41-07:00,2,7
style.css,44,css,fa6125e2,harshatha-prasanna,2026-04-08,18:48:41,-07:00,2026-04-08T18:48:41-07:00,2,14
style.css,45,css,fa6125e2,harshatha-prasanna,2026-04-08,18:48:41,-07:00,2026-04-08T18:48:41-07:00,0,0
style.css,46,css,fa6125e2,harshatha-prasanna,2026-04-08,18:48:41,-07:00,2026-04-08T18:48:41-07:00,0,0
style.css,47,css,fa6125e2,harshatha-prasanna,2026-04-08,18:48:41,-07:00,2026-04-08T18:48:41-07:00,0,10
style.css,48,css,fa6125e2,harshatha-prasanna,2026-04-08,18:48:41,-07:00,2026-04-08T18:48:41-07:00,2,12
style.css,49,css,fa6125e2,harshatha-prasanna,2026-04-08,18:48:41,-07:00,2026-04-08T18:48:41-07:00,2,29
style.css,50,css,fa6125e2,harshatha-prasanna,2026-04-08,18:48:41,-07:00,2026-04-08T18:48:41-07:00,2,18
style.css,51,css,fa6125e2,harshatha-prasanna,2026-04-08,18:48:41,-07:00,2026-04-08T18:48:41-07:00,0,0
style.css,52,css,fa6125e2,harshatha-prasanna,2026-04-08,18:48:41,-07:00,2026-04-08T18:48:41-07:00,0,0
style.css,53,css,fa6125e2,harshatha-prasanna,2026-04-08,18:48:41,-07:00,2026-04-08T18:48:41-07:00,0,9
style.css,54,css,fa6125e2,harshatha-prasanna,2026-04-08,18:48:41,-07:00,2026-04-08T18:48:41-07:00,0,12
style.css,55,css,fa6125e2,harshatha-prasanna,2026-04-08,18:48:41,-07:00,2026-04-08T18:48:41-07:00,0,11
style.css,56,css,fa6125e2,harshatha-prasanna,2026-04-08,18:48:41,-07:00,2026-04-08T18:48:41-07:00,2,12
style.css,57,css,fa6125e2,harshatha-prasanna,2026-04-08,18:48:41,-07:00,2026-04-08T18:48:41-07:00,2,10
style.css,58,css,fa6125e2,harshatha-prasanna,2026-04-08,18:48:41,-07:00,2026-04-08T18:48:41-07:00,2,21
style.css,59,css,fa6125e2,harshatha-prasanna,2026-04-08,18:48:41,-07:00,2026-04-08T18:48:41-07:00,0,0
style.css,60,css,fa6125e2,harshatha-prasanna,2026-04-08,18:48:41,-07:00,2026-04-08T18:48:41-07:00,0,0
style.css,61,css,fa6125e2,harshatha-prasanna,2026-04-08,18:48:41,-07:00,2026-04-08T18:48:41-07:00,0,13
style.css,62,css,fa6125e2,harshatha-prasanna,2026-04-08,18:48:41,-07:00,2026-04-08T18:48:41-07:00,2,10
style.css,63,css,fa6125e2,harshatha-prasanna,2026-04-08,18:48:41,-07:00,2026-04-08T18:48:41-07:00,0,0
style.css,64,css,fa6125e2,harshatha-prasanna,2026-04-08,18:48:41,-07:00,2026-04-08T18:48:41-07:00,0,0
style.css,65,css,fa6125e2,harshatha-prasanna,2026-04-08,18:48:41,-07:00,2026-04-08T18:48:41-07:00,0,11
style.css,66,css,fa6125e2,harshatha-prasanna,2026-04-08,18:48:41,-07:00,2026-04-08T18:48:41-07:00,2,18
style.css,67,css,fa6125e2,harshatha-prasanna,2026-04-08,18:48:41,-07:00,2026-04-08T18:48:41-07:00,0,0
style.css,68,css,fa6125e2,harshatha-prasanna,2026-04-08,18:48:41,-07:00,2026-04-08T18:48:41-07:00,0,0
style.css,69,css,fa6125e2,harshatha-prasanna,2026-04-08,18:48:41,-07:00,2026-04-08T18:48:41-07:00,0,17
style.css,70,css,fa6125e2,harshatha-prasanna,2026-04-08,18:48:41,-07:00,2026-04-08T18:48:41-07:00,0,2
style.css,71,css,fa6125e2,harshatha-prasanna,2026-04-08,18:48:41,-07:00,2026-04-08T18:48:41-07:00,2,14
style.css,72,css,fa6125e2,harshatha-prasanna,2026-04-08,18:48:41,-07:00,2026-04-08T18:48:41-07:00,0,0
style.css,73,css,fa6125e2,harshatha-prasanna,2026-04-08,18:48:41,-07:00,2026-04-08T18:48:41-07:00,0,0
style.css,74,css,fa6125e2,harshatha-prasanna,2026-04-08,18:48:41,-07:00,2026-04-08T18:48:41-07:00,0,22
style.css,75,css,fa6125e2,harshatha-prasanna,2026-04-08,18:48:41,-07:00,2026-04-08T18:48:41-07:00,2,15
style.css,76,css,fa6125e2,harshatha-prasanna,2026-04-08,18:48:41,-07:00,2026-04-08T18:48:41-07:00,2,17
style.css,77,css,fa6125e2,harshatha-prasanna,2026-04-08,18:48:41,-07:00,2026-04-08T18:48:41-07:00,0,0
style.css,78,css,fa6125e2,harshatha-prasanna,2026-04-08,18:48:41,-07:00,2026-04-08T18:48:41-07:00,0,0
style.css,79,css,fa6125e2,harshatha-prasanna,2026-04-08,18:48:41,-07:00,2026-04-08T18:48:41-07:00,0,9
style.css,80,css,fa6125e2,harshatha-prasanna,2026-04-08,18:48:41,-07:00,2026-04-08T18:48:41-07:00,2,12
style.css,81,css,fa6125e2,harshatha-prasanna,2026-04-08,18:48:41,-07:00,2026-04-08T18:48:41-07:00,2,58
style.css,82,css,fa6125e2,harshatha-prasanna,2026-04-08,18:48:41,-07:00,2026-04-08T18:48:41-07:00,2,7
style.css,83,css,fa6125e2,harshatha-prasanna,2026-04-08,18:48:41,-07:00,2026-04-08T18:48:41-07:00,2,8
style.css,84,css,fa6125e2,harshatha-prasanna,2026-04-08,18:48:41,-07:00,2026-04-08T18:48:41-07:00,0,0
style.css,85,css,fa6125e2,harshatha-prasanna,2026-04-08,18:48:41,-07:00,2026-04-08T18:48:41-07:00,0,0
style.css,86,css,fa6125e2,harshatha-prasanna,2026-04-08,18:48:41,-07:00,2026-04-08T18:48:41-07:00,0,17
style.css,87,css,fa6125e2,harshatha-prasanna,2026-04-08,18:48:41,-07:00,2026-04-08T18:48:41-07:00,2,12
style.css,88,css,fa6125e2,harshatha-prasanna,2026-04-08,18:48:41,-07:00,2026-04-08T18:48:41-07:00,2,26
style.css,89,css,fa6125e2,harshatha-prasanna,2026-04-08,18:48:41,-07:00,2026-04-08T18:48:41-07:00,2,15
style.css,90,css,fa6125e2,harshatha-prasanna,2026-04-08,18:48:41,-07:00,2026-04-08T18:48:41-07:00,0,0
style.css,91,css,fa6125e2,harshatha-prasanna,2026-04-08,18:48:41,-07:00,2026-04-08T18:48:41-07:00,0,0
style.css,92,css,fa6125e2,harshatha-prasanna,2026-04-08,18:48:41,-07:00,2026-04-08T18:48:41-07:00,0,20
style.css,93,css,fa6125e2,harshatha-prasanna,2026-04-08,18:48:41,-07:00,2026-04-08T18:48:41-07:00,2,8
style.css,94,css,fa6125e2,harshatha-prasanna,2026-04-08,18:48:41,-07:00,2026-04-08T18:48:41-07:00,0,0
style.css,95,css,fa6125e2,harshatha-prasanna,2026-04-08,18:48:41,-07:00,2026-04-08T18:48:41-07:00,0,0
style.css,96,css,fa6125e2,harshatha-prasanna,2026-04-08,18:48:41,-07:00,2026-04-08T18:48:41-07:00,0,21
style.css,97,css,fa6125e2,harshatha-prasanna,2026-04-08,18:48:41,-07:00,2026-04-08T18:48:41-07:00,2,10
style.css,98,css,fa6125e2,harshatha-prasanna,2026-04-08,18:48:41,-07:00,2026-04-08T18:48:41-07:00,0,0
style.css,99,css,fa6125e2,harshatha-prasanna,2026-04-08,18:48:41,-07:00,2026-04-08T18:48:41-07:00,0,0
style.css,100,css,fa6125e2,harshatha-prasanna,2026-04-08,18:48:41,-07:00,2026-04-08T18:48:41-07:00,0,10
style.css,101,css,fa6125e2,harshatha-prasanna,2026-04-08,18:48:41,-07:00,2026-04-08T18:48:41-07:00,0,9
style.css,102,css,fa6125e2,harshatha-prasanna,2026-04-08,18:48:41,-07:00,2026-04-08T18:48:41-07:00,2,14
style.css,103,css,fa6125e2,harshatha-prasanna,2026-04-08,18:48:41,-07:00,2026-04-08T18:48:41-07:00,2,19
style.css,104,css,fa6125e2,harshatha-prasanna,2026-04-08,18:48:41,-07:00,2026-04-08T18:48:41-07:00,0,0
style.css,105,css,fa6125e2,harshatha-prasanna,2026-04-08,18:48:41,-07:00,2026-04-08T18:48:41-07:00,0,0
style.css,106,css,fa6125e2,harshatha-prasanna,2026-04-08,18:48:41,-07:00,2026-04-08T18:48:41-07:00,0,8
style.css,107,css,fa6125e2,harshatha-prasanna,2026-04-08,18:48:41,-07:00,2026-04-08T18:48:41-07:00,2,12
style.css,108,css,fa6125e2,harshatha-prasanna,2026-04-08,18:48:41,-07:00,2026-04-08T18:48:41-07:00,2,23
style.css,109,css,fa6125e2,harshatha-prasanna,2026-04-08,18:48:41,-07:00,2026-04-08T18:48:41-07:00,0,0
style.css,110,css,fa6125e2,harshatha-prasanna,2026-04-08,18:48:41,-07:00,2026-04-08T18:48:41-07:00,0,0
style.css,111,css,fa6125e2,harshatha-prasanna,2026-04-08,18:48:41,-07:00,2026-04-08T18:48:41-07:00,0,7
style.css,112,css,fa6125e2,harshatha-prasanna,2026-04-08,18:48:41,-07:00,2026-04-08T18:48:41-07:00,2,17
style.css,113,css,fa6125e2,harshatha-prasanna,2026-04-08,18:48:41,-07:00,2026-04-08T18:48:41-07:00,2,38
style.css,114,css,fa6125e2,harshatha-prasanna,2026-04-08,18:48:41,-07:00,2026-04-08T18:48:41-07:00,2,15
style.css,115,css,fa6125e2,harshatha-prasanna,2026-04-08,18:48:41,-07:00,2026-04-08T18:48:41-07:00,0,0
style.css,116,css,fa6125e2,harshatha-prasanna,2026-04-08,18:48:41,-07:00,2026-04-08T18:48:41-07:00,0,0
style.css,117,css,fa6125e2,harshatha-prasanna,2026-04-08,18:48:41,-07:00,2026-04-08T18:48:41-07:00,0,10
style.css,118,css,fa6125e2,harshatha-prasanna,2026-04-08,18:48:41,-07:00,2026-04-08T18:48:41-07:00,2,14
style.css,119,css,fa6125e2,harshatha-prasanna,2026-04-08,18:48:41,-07:00,2026-04-08T18:48:41-07:00,2,24
style.css,120,css,fa6125e2,harshatha-prasanna,2026-04-08,18:48:41,-07:00,2026-04-08T18:48:41-07:00,2,21
style.css,121,css,fa6125e2,harshatha-prasanna,2026-04-08,18:48:41,-07:00,2026-04-08T18:48:41-07:00,2,25
style.css,122,css,fa6125e2,harshatha-prasanna,2026-04-08,18:48:41,-07:00,2026-04-08T18:48:41-07:00,2,19
style.css,123,css,fa6125e2,harshatha-prasanna,2026-04-08,18:48:41,-07:00,2026-04-08T18:48:41-07:00,0,0
style.css,124,css,fa6125e2,harshatha-prasanna,2026-04-08,18:48:41,-07:00,2026-04-08T18:48:41-07:00,0,0
style.css,125,css,fa6125e2,harshatha-prasanna,2026-04-08,18:48:41,-07:00,2026-04-08T18:48:41-07:00,0,15
style.css,126,css,fa6125e2,harshatha-prasanna,2026-04-08,18:48:41,-07:00,2026-04-08T18:48:41-07:00,2,19
style.css,127,css,fa6125e2,harshatha-prasanna,2026-04-08,18:48:41,-07:00,2026-04-08T18:48:41-07:00,0,0
style.css,128,css,fa6125e2,harshatha-prasanna,2026-04-08,18:48:41,-07:00,2026-04-08T18:48:41-07:00,0,0
style.css,129,css,fa6125e2,harshatha-prasanna,2026-04-08,18:48:41,-07:00,2026-04-08T18:48:41-07:00,0,22
style.css,130,css,fa6125e2,harshatha-prasanna,2026-04-08,18:48:41,-07:00,2026-04-08T18:48:41-07:00,2,12
style.css,131,css,fa6125e2,harshatha-prasanna,2026-04-08,18:48:41,-07:00,2026-04-08T18:48:41-07:00,2,29
style.css,132,css,fa6125e2,harshatha-prasanna,2026-04-08,18:48:41,-07:00,2026-04-08T18:48:41-07:00,2,20
style.css,133,css,fa6125e2,harshatha-prasanna,2026-04-08,18:48:41,-07:00,2026-04-08T18:48:41-07:00,2,14
style.css,134,css,fa6125e2,harshatha-prasanna,2026-04-08,18:48:41,-07:00,2026-04-08T18:48:41-07:00,2,9
style.css,135,css,fa6125e2,harshatha-prasanna,2026-04-08,18:48:41,-07:00,2026-04-08T18:48:41-07:00,0,0
style.css,136,css,fa6125e2,harshatha-prasanna,2026-04-08,18:48:41,-07:00,2026-04-08T18:48:41-07:00,0,0
style.css,137,css,fa6125e2,harshatha-prasanna,2026-04-08,18:48:41,-07:00,2026-04-08T18:48:41-07:00,0,25
style.css,138,css,fa6125e2,harshatha-prasanna,2026-04-08,18:48:41,-07:00,2026-04-08T18:48:41-07:00,2,8
style.css,139,css,fa6125e2,harshatha-prasanna,2026-04-08,18:48:41,-07:00,2026-04-08T18:48:41-07:00,2,14
style.css,140,css,fa6125e2,harshatha-prasanna,2026-04-08,18:48:41,-07:00,2026-04-08T18:48:41-07:00,0,0
style.css,141,css,fa6125e2,harshatha-prasanna,2026-04-08,18:48:41,-07:00,2026-04-08T18:48:41-07:00,0,0
style.css,142,css,fa6125e2,harshatha-prasanna,2026-04-08,18:48:41,-07:00,2026-04-08T18:48:41-07:00,0,24
style.css,143,css,fa6125e2,harshatha-prasanna,2026-04-08,18:48:41,-07:00,2026-04-08T18:48:41-07:00,2,8
style.css,144,css,fa6125e2,harshatha-prasanna,2026-04-08,18:48:41,-07:00,2026-04-08T18:48:41-07:00,2,13
style.css,145,css,fa6125e2,harshatha-prasanna,2026-04-08,18:48:41,-07:00,2026-04-08T18:48:41-07:00,2,23
style.css,146,css,fa6125e2,harshatha-prasanna,2026-04-08,18:48:41,-07:00,2026-04-08T18:48:41-07:00,0,0
style.css,147,css,fa6125e2,harshatha-prasanna,2026-04-08,18:48:41,-07:00,2026-04-08T18:48:41-07:00,0,0
style.css,148,css,fa6125e2,harshatha-prasanna,2026-04-08,18:48:41,-07:00,2026-04-08T18:48:41-07:00,0,10
style.css,149,css,fa6125e2,harshatha-prasanna,2026-04-08,18:48:41,-07:00,2026-04-08T18:48:41-07:00,2,16
style.css,150,css,fa6125e2,harshatha-prasanna,2026-04-08,18:48:41,-07:00,2026-04-08T18:48:41-07:00,2,18
style.css,151,css,fa6125e2,harshatha-prasanna,2026-04-08,18:48:41,-07:00,2026-04-08T18:48:41-07:00,0,0
style.css,152,css,fa6125e2,harshatha-prasanna,2026-04-08,18:48:41,-07:00,2026-04-08T18:48:41-07:00,0,0
style.css,153,css,fa6125e2,harshatha-prasanna,2026-04-08,18:48:41,-07:00,2026-04-08T18:48:41-07:00,0,13
style.css,154,css,fa6125e2,harshatha-prasanna,2026-04-08,18:48:41,-07:00,2026-04-08T18:48:41-07:00,2,19
style.css,155,css,5a2aec79,harshatha-prasanna,2026-04-16,21:06:40,-07:00,2026-04-16T21:06:40-07:00,0,0
style.css,156,css,5a2aec79,harshatha-prasanna,2026-04-16,21:06:40,-07:00,2026-04-16T21:06:40-07:00,0,0
style.css,157,css,5a2aec79,harshatha-prasanna,2026-04-16,21:06:40,-07:00,2026-04-16T21:06:40-07:00,0,25
style.css,158,css,5a2aec79,harshatha-prasanna,2026-04-16,21:06:40,-07:00,2026-04-16T21:06:40-07:00,0,13
style.css,159,css,5a2aec79,harshatha-prasanna,2026-04-16,21:06:40,-07:00,2026-04-16T21:06:40-07:00,2,17
style.css,160,css,5a2aec79,harshatha-prasanna,2026-04-16,21:06:40,-07:00,2026-04-16T21:06:40-07:00,2,8
style.css,161,css,5a2aec79,harshatha-prasanna,2026-04-16,21:06:40,-07:00,2026-04-16T21:06:40-07:00,2,10
style.css,162,css,5a2aec79,harshatha-prasanna,2026-04-16,21:06:40,-07:00,2026-04-16T21:06:40-07:00,2,13
style.css,163,css,5a2aec79,harshatha-prasanna,2026-04-16,21:06:40,-07:00,2026-04-16T21:06:40-07:00,2,19
style.css,164,css,5a2aec79,harshatha-prasanna,2026-04-16,21:06:40,-07:00,2026-04-16T21:06:40-07:00,0,0
style.css,165,css,5a2aec79,harshatha-prasanna,2026-04-16,21:06:40,-07:00,2026-04-16T21:06:40-07:00,0,0
style.css,166,css,5a2aec79,harshatha-prasanna,2026-04-16,21:06:40,-07:00,2026-04-16T21:06:40-07:00,0,20
style.css,167,css,5a2aec79,harshatha-prasanna,2026-04-16,21:06:40,-07:00,2026-04-16T21:06:40-07:00,2,12
style.css,168,css,7d612d3a,harshatha-prasanna,2026-04-23,14:39:23,-07:00,2026-04-23T14:39:23-07:00,0,0
style.css,169,css,7d612d3a,harshatha-prasanna,2026-04-23,14:39:23,-07:00,2026-04-23T14:39:23-07:00,0,0
style.css,170,css,7d612d3a,harshatha-prasanna,2026-04-23,14:39:23,-07:00,2026-04-23T14:39:23-07:00,0,16
style.css,171,css,7d612d3a,harshatha-prasanna,2026-04-23,14:39:23,-07:00,2026-04-23T14:39:23-07:00,0,17
style.css,172,css,7d612d3a,harshatha-prasanna,2026-04-23,14:39:23,-07:00,2026-04-23T14:39:23-07:00,1,12
style.css,173,css,7d612d3a,harshatha-prasanna,2026-04-23,14:39:23,-07:00,2026-04-23T14:39:23-07:00,1,36
style.css,174,css,7d612d3a,harshatha-prasanna,2026-04-23,14:39:23,-07:00,2026-04-23T14:39:23-07:00,1,9
style.css,175,css,7d612d3a,harshatha-prasanna,2026-04-23,14:39:23,-07:00,2026-04-23T14:39:23-07:00,1,17
style.css,176,css,7d612d3a,harshatha-prasanna,2026-04-23,14:39:23,-07:00,2026-04-23T14:39:23-07:00,0,0
style.css,177,css,7d612d3a,harshatha-prasanna,2026-04-23,14:39:23,-07:00,2026-04-23T14:39:23-07:00,0,0
style.css,178,css,7d612d3a,harshatha-prasanna,2026-04-23,14:39:23,-07:00,2026-04-23T14:39:23-07:00,0,17
style.css,179,css,7d612d3a,harshatha-prasanna,2026-04-23,14:39:23,-07:00,2026-04-23T14:39:23-07:00,1,10
style.css,180,css,7d612d3a,harshatha-prasanna,2026-04-23,14:39:23,-07:00,2026-04-23T14:39:23-07:00,1,13
style.css,181,css,7d612d3a,harshatha-prasanna,2026-04-23,14:39:23,-07:00,2026-04-23T14:39:23-07:00,1,23
style.css,182,css,7d612d3a,harshatha-prasanna,2026-04-23,14:39:23,-07:00,2026-04-23T14:39:23-07:00,0,0
style.css,183,css,7d612d3a,harshatha-prasanna,2026-04-23,14:39:23,-07:00,2026-04-23T14:39:23-07:00,0,0
style.css,184,css,7d612d3a,harshatha-prasanna,2026-04-23,14:39:23,-07:00,2026-04-23T14:39:23-07:00,0,17
style.css,185,css,7d612d3a,harshatha-prasanna,2026-04-23,14:39:23,-07:00,2026-04-23T14:39:23-07:00,1,10
style.css,186,css,7d612d3a,harshatha-prasanna,2026-04-23,14:39:23,-07:00,2026-04-23T14:39:23-07:00,1,14
style.css,187,css,7d612d3a,harshatha-prasanna,2026-04-23,14:39:23,-07:00,2026-04-23T14:39:23-07:00,1,15
style.css,188,css,7d612d3a,harshatha-prasanna,2026-04-23,14:39:23,-07:00,2026-04-23T14:39:23-07:00,1,8
style.css,189,css,751a1ea1,harshatha-prasanna,2026-05-01,13:42:16,-07:00,2026-05-01T13:42:16-07:00,0,0
style.css,190,css,751a1ea1,harshatha-prasanna,2026-05-01,13:42:16,-07:00,2026-05-01T13:42:16-07:00,0,0
style.css,191,css,751a1ea1,harshatha-prasanna,2026-05-01,13:42:16,-07:00,2026-05-01T13:42:16-07:00,0,13
style.css,192,css,751a1ea1,harshatha-prasanna,2026-05-01,13:42:16,-07:00,2026-05-01T13:42:16-07:00,0,18
style.css,193,css,751a1ea1,harshatha-prasanna,2026-05-01,13:42:16,-07:00,2026-05-01T13:42:16-07:00,1,14
style.css,194,css,751a1ea1,harshatha-prasanna,2026-05-01,13:42:16,-07:00,2026-05-01T13:42:16-07:00,1,16
style.css,195,css,751a1ea1,harshatha-prasanna,2026-05-01,13:42:16,-07:00,2026-05-01T13:42:16-07:00,0,0
style.css,196,css,751a1ea1,harshatha-prasanna,2026-05-01,13:42:16,-07:00,2026-05-01T13:42:16-07:00,0,0
style.css,197,css,751a1ea1,harshatha-prasanna,2026-05-01,13:42:16,-07:00,2026-05-01T13:42:16-07:00,0,8
style.css,198,css,751a1ea1,harshatha-prasanna,2026-05-01,13:42:16,-07:00,2026-05-01T13:42:16-07:00,1,14
style.css,199,css,751a1ea1,harshatha-prasanna,2026-05-01,13:42:16,-07:00,2026-05-01T13:42:16-07:00,1,16
style.css,200,css,751a1ea1,harshatha-prasanna,2026-05-01,13:42:16,-07:00,2026-05-01T13:42:16-07:00,0,0
style.css,201,css,751a1ea1,harshatha-prasanna,2026-05-01,13:42:16,-07:00,2026-05-01T13:42:16-07:00,0,0
style.css,202,css,751a1ea1,harshatha-prasanna,2026-05-01,13:42:16,-07:00,2026-05-01T13:42:16-07:00,0,36
style.css,203,css,751a1ea1,harshatha-prasanna,2026-05-01,13:42:16,-07:00,2026-05-01T13:42:16-07:00,1,11
style.css,204,css,751a1ea1,harshatha-prasanna,2026-05-01,13:42:16,-07:00,2026-05-01T13:42:16-07:00,0,0
style.css,205,css,751a1ea1,harshatha-prasanna,2026-05-01,13:42:16,-07:00,2026-05-01T13:42:16-07:00,0,0
style.css,206,css,751a1ea1,harshatha-prasanna,2026-05-01,13:42:16,-07:00,2026-05-01T13:42:16-07:00,0,9
style.css,207,css,751a1ea1,harshatha-prasanna,2026-05-01,13:42:16,-07:00,2026-05-01T13:42:16-07:00,1,35
style.css,208,css,751a1ea1,harshatha-prasanna,2026-05-01,13:42:16,-07:00,2026-05-01T13:42:16-07:00,0,0
style.css,209,css,751a1ea1,harshatha-prasanna,2026-05-01,13:42:16,-07:00,2026-05-01T13:42:16-07:00,0,0
style.css,210,css,751a1ea1,harshatha-prasanna,2026-05-01,13:42:16,-07:00,2026-05-01T13:42:16-07:00,0,18
style.css,211,css,751a1ea1,harshatha-prasanna,2026-05-01,13:42:16,-07:00,2026-05-01T13:42:16-07:00,1,17
style.css,212,css,751a1ea1,harshatha-prasanna,2026-05-01,13:42:16,-07:00,2026-05-01T13:42:16-07:00,0,0
style.css,213,css,751a1ea1,harshatha-prasanna,2026-05-01,13:42:16,-07:00,2026-05-01T13:42:16-07:00,0,0
style.css,214,css,751a1ea1,harshatha-prasanna,2026-05-01,13:42:16,-07:00,2026-05-01T13:42:16-07:00,0,10
style.css,215,css,751a1ea1,harshatha-prasanna,2026-05-01,13:42:16,-07:00,2026-05-01T13:42:16-07:00,0,7
style.css,216,css,751a1ea1,harshatha-prasanna,2026-05-01,13:42:16,-07:00,2026-05-01T13:42:16-07:00,1,12
style.css,217,css,751a1ea1,harshatha-prasanna,2026-05-01,13:42:16,-07:00,2026-05-01T13:42:16-07:00,1,57
style.css,218,css,751a1ea1,harshatha-prasanna,2026-05-01,13:42:16,-07:00,2026-05-01T13:42:16-07:00,1,7
style.css,219,css,751a1ea1,harshatha-prasanna,2026-05-01,13:42:16,-07:00,2026-05-01T13:42:16-07:00,1,11
style.css,220,css,751a1ea1,harshatha-prasanna,2026-05-01,13:42:16,-07:00,2026-05-01T13:42:16-07:00,1,8
style.css,221,css,751a1ea1,harshatha-prasanna,2026-05-01,13:42:16,-07:00,2026-05-01T13:42:16-07:00,1,36
style.css,222,css,751a1ea1,harshatha-prasanna,2026-05-01,13:42:16,-07:00,2026-05-01T13:42:16-07:00,1,15
style.css,223,css,751a1ea1,harshatha-prasanna,2026-05-01,13:42:16,-07:00,2026-05-01T13:42:16-07:00,1,6
style.css,224,css,751a1ea1,harshatha-prasanna,2026-05-01,13:42:16,-07:00,2026-05-01T13:42:16-07:00,0,0
style.css,225,css,751a1ea1,harshatha-prasanna,2026-05-01,13:42:16,-07:00,2026-05-01T13:42:16-07:00,0,0
style.css,226,css,751a1ea1,harshatha-prasanna,2026-05-01,13:42:16,-07:00,2026-05-01T13:42:16-07:00,0,12
style.css,227,css,751a1ea1,harshatha-prasanna,2026-05-01,13:42:16,-07:00,2026-05-01T13:42:16-07:00,1,12
style.css,228,css,751a1ea1,harshatha-prasanna,2026-05-01,13:42:16,-07:00,2026-05-01T13:42:16-07:00,1,18
style.css,229,css,751a1ea1,harshatha-prasanna,2026-05-01,13:42:16,-07:00,2026-05-01T13:42:16-07:00,1,9
style.css,230,css,751a1ea1,harshatha-prasanna,2026-05-01,13:42:16,-07:00,2026-05-01T13:42:16-07:00,0,0
style.css,231,css,751a1ea1,harshatha-prasanna,2026-05-01,13:42:16,-07:00,2026-05-01T13:42:16-07:00,0,0
style.css,232,css,751a1ea1,harshatha-prasanna,2026-05-01,13:42:16,-07:00,2026-05-01T13:42:16-07:00,0,7
style.css,233,css,751a1ea1,harshatha-prasanna,2026-05-01,13:42:16,-07:00,2026-05-01T13:42:16-07:00,1,20
style.css,234,css,751a1ea1,harshatha-prasanna,2026-05-01,13:42:16,-07:00,2026-05-01T13:42:16-07:00,1,9
style.css,235,css,751a1ea1,harshatha-prasanna,2026-05-01,13:42:16,-07:00,2026-05-01T13:42:16-07:00,1,18
style.css,236,css,751a1ea1,harshatha-prasanna,2026-05-01,13:42:16,-07:00,2026-05-01T13:42:16-07:00,1,17
style.css,237,css,751a1ea1,harshatha-prasanna,2026-05-01,13:42:16,-07:00,2026-05-01T13:42:16-07:00,1,29
style.css,238,css,751a1ea1,harshatha-prasanna,2026-05-01,13:42:16,-07:00,2026-05-01T13:42:16-07:00,0,0
style.css,239,css,751a1ea1,harshatha-prasanna,2026-05-01,13:42:16,-07:00,2026-05-01T13:42:16-07:00,0,0
style.css,240,css,751a1ea1,harshatha-prasanna,2026-05-01,13:42:16,-07:00,2026-05-01T13:42:16-07:00,0,16
style.css,241,css,751a1ea1,harshatha-prasanna,2026-05-01,13:42:16,-07:00,2026-05-01T13:42:16-07:00,1,12
style.css,242,css,751a1ea1,harshatha-prasanna,2026-05-01,13:42:16,-07:00,2026-05-01T13:42:16-07:00,1,18
style.css,243,css,751a1ea1,harshatha-prasanna,2026-05-01,13:42:16,-07:00,2026-05-01T13:42:16-07:00,1,7
style.css,244,css,751a1ea1,harshatha-prasanna,2026-05-01,13:42:16,-07:00,2026-05-01T13:42:16-07:00,1,16
style.css,245,css,751a1ea1,harshatha-prasanna,2026-05-01,13:42:16,-07:00,2026-05-01T13:42:16-07:00,0,0
style.css,246,css,751a1ea1,harshatha-prasanna,2026-05-01,13:42:16,-07:00,2026-05-01T13:42:16-07:00,0,0
style.css,247,css,751a1ea1,harshatha-prasanna,2026-05-01,13:42:16,-07:00,2026-05-01T13:42:16-07:00,0,10
style.css,248,css,751a1ea1,harshatha-prasanna,2026-05-01,13:42:16,-07:00,2026-05-01T13:42:16-07:00,1,13
style.css,249,css,751a1ea1,harshatha-prasanna,2026-05-01,13:42:16,-07:00,2026-05-01T13:42:16-07:00,1,10
style.css,250,css,751a1ea1,harshatha-prasanna,2026-05-01,13:42:16,-07:00,2026-05-01T13:42:16-07:00,1,17
style.css,251,css,751a1ea1,harshatha-prasanna,2026-05-01,13:42:16,-07:00,2026-05-01T13:42:16-07:00,1,13
style.css,252,css,751a1ea1,harshatha-prasanna,2026-05-01,13:42:16,-07:00,2026-05-01T13:42:16-07:00,1,12
style.css,253,css,751a1ea1,harshatha-prasanna,2026-05-01,13:42:16,-07:00,2026-05-01T13:42:16-07:00,1,21
style.css,254,css,751a1ea1,harshatha-prasanna,2026-05-01,13:42:16,-07:00,2026-05-01T13:42:16-07:00,0,0
style.css,255,css,751a1ea1,harshatha-prasanna,2026-05-01,13:42:16,-07:00,2026-05-01T13:42:16-07:00,0,0
style.css,256,css,751a1ea1,harshatha-prasanna,2026-05-01,13:42:16,-07:00,2026-05-01T13:42:16-07:00,0,13
style.css,257,css,751a1ea1,harshatha-prasanna,2026-05-01,13:42:16,-07:00,2026-05-01T13:42:16-07:00,1,30
style.css,258,css,751a1ea1,harshatha-prasanna,2026-05-01,13:42:16,-07:00,2026-05-01T13:42:16-07:00,1,34
style.css,259,css,751a1ea1,harshatha-prasanna,2026-05-01,13:42:16,-07:00,2026-05-01T13:42:16-07:00,1,23
style.css,260,css,751a1ea1,harshatha-prasanna,2026-05-01,13:42:16,-07:00,2026-05-01T13:42:16-07:00,1,8
style.css,261,css,fa6125e2,harshatha-prasanna,2026-04-08,18:48:41,-07:00,2026-04-08T18:48:41-07:00,0,0
index.js,1,js,7d612d3a,harshatha-prasanna,2026-04-23,14:39:23,-07:00,2026-04-23T14:39:23-07:00,0,71
index.js,2,js,7d612d3a,harshatha-prasanna,2026-04-23,14:39:23,-07:00,2026-04-23T14:39:23-07:00,0,0
index.js,3,js,7d612d3a,harshatha-prasanna,2026-04-23,14:39:23,-07:00,2026-04-23T14:39:23-07:00,0,54
index.js,4,js,7d612d3a,harshatha-prasanna,2026-04-23,14:39:23,-07:00,2026-04-23T14:39:23-07:00,0,42
index.js,5,js,7d612d3a,harshatha-prasanna,2026-04-23,14:39:23,-07:00,2026-04-23T14:39:23-07:00,0,60
index.js,6,js,7d612d3a,harshatha-prasanna,2026-04-23,14:39:23,-07:00,2026-04-23T14:39:23-07:00,0,54
index.js,7,js,7d612d3a,harshatha-prasanna,2026-04-23,14:39:23,-07:00,2026-04-23T14:39:23-07:00,0,0
index.js,8,js,7d612d3a,harshatha-prasanna,2026-04-23,14:39:23,-07:00,2026-04-23T14:39:23-07:00,0,61
index.js,9,js,7d612d3a,harshatha-prasanna,2026-04-23,14:39:23,-07:00,2026-04-23T14:39:23-07:00,0,60
index.js,10,js,7d612d3a,harshatha-prasanna,2026-04-23,14:39:23,-07:00,2026-04-23T14:39:23-07:00,0,17
index.js,11,js,7d612d3a,harshatha-prasanna,2026-04-23,14:39:23,-07:00,2026-04-23T14:39:23-07:00,1,24
index.js,12,js,7d612d3a,harshatha-prasanna,2026-04-23,14:39:23,-07:00,2026-04-23T14:39:23-07:00,2,2
index.js,13,js,7d612d3a,harshatha-prasanna,2026-04-23,14:39:23,-07:00,2026-04-23T14:39:23-07:00,3,54
index.js,14,js,7d612d3a,harshatha-prasanna,2026-04-23,14:39:23,-07:00,2026-04-23T14:39:23-07:00,3,54
index.js,15,js,7d612d3a,harshatha-prasanna,2026-04-23,14:39:23,-07:00,2026-04-23T14:39:23-07:00,3,48
index.js,16,js,7d612d3a,harshatha-prasanna,2026-04-23,14:39:23,-07:00,2026-04-23T14:39:23-07:00,3,48
index.js,17,js,7d612d3a,harshatha-prasanna,2026-04-23,14:39:23,-07:00,2026-04-23T14:39:23-07:00,2,3
index.js,18,js,7d612d3a,harshatha-prasanna,2026-04-23,14:39:23,-07:00,2026-04-23T14:39:23-07:00,1,0
index.js,19,js,7d612d3a,harshatha-prasanna,2026-04-23,14:39:23,-07:00,2026-04-23T14:39:23-07:00,0,0
index.html,1,html,7fcc07ca,harshatha-prasanna,2026-04-03,03:18:53,-07:00,2026-04-03T03:18:53-07:00,0,13
index.html,2,html,7fcc07ca,harshatha-prasanna,2026-04-03,03:18:53,-07:00,2026-04-03T03:18:53-07:00,0,14
index.html,3,html,7fcc07ca,harshatha-prasanna,2026-04-03,03:18:53,-07:00,2026-04-03T03:18:53-07:00,0,4
index.html,4,html,7fcc07ca,harshatha-prasanna,2026-04-03,03:18:53,-07:00,2026-04-03T03:18:53-07:00,2,20
index.html,5,html,7fcc07ca,harshatha-prasanna,2026-04-03,03:18:53,-07:00,2026-04-03T03:18:53-07:00,2,68
index.html,6,html,7fcc07ca,harshatha-prasanna,2026-04-03,03:18:53,-07:00,2026-04-03T03:18:53-07:00,2,51
index.html,7,html,0ceff637,harshatha-prasanna,2026-04-03,04:07:01,-07:00,2026-04-03T04:07:01-07:00,2,38
index.html,8,html,5a2aec79,harshatha-prasanna,2026-04-16,21:06:40,-07:00,2026-04-16T21:06:40-07:00,2,45
index.html,9,html,7d612d3a,harshatha-prasanna,2026-04-23,14:39:23,-07:00,2026-04-23T14:39:23-07:00,2,44
index.html,10,html,7fcc07ca,harshatha-prasanna,2026-04-03,03:18:53,-07:00,2026-04-03T03:18:53-07:00,0,5
index.html,11,html,7fcc07ca,harshatha-prasanna,2026-04-03,03:18:53,-07:00,2026-04-03T03:18:53-07:00,0,4
index.html,12,html,7fcc07ca,harshatha-prasanna,2026-04-03,03:18:53,-07:00,2026-04-03T03:18:53-07:00,2,25
index.html,13,html,7d612d3a,harshatha-prasanna,2026-04-23,14:39:23,-07:00,2026-04-23T14:39:23-07:00,2,122
index.html,14,html,0ceff637,harshatha-prasanna,2026-04-03,04:07:01,-07:00,2026-04-03T04:07:01-07:00,2,62
index.html,15,html,0ceff637,harshatha-prasanna,2026-04-03,04:07:01,-07:00,2026-04-03T04:07:01-07:00,2,19
index.html,16,html,7d612d3a,harshatha-prasanna,2026-04-23,14:39:23,-07:00,2026-04-23T14:39:23-07:00,0,0
index.html,17,html,7d612d3a,harshatha-prasanna,2026-04-23,14:39:23,-07:00,2026-04-23T14:39:23-07:00,2,19
index.html,18,html,7d612d3a,harshatha-prasanna,2026-04-23,14:39:23,-07:00,2026-04-23T14:39:23-07:00,2,28
index.html,19,html,7d612d3a,harshatha-prasanna,2026-04-23,14:39:23,-07:00,2026-04-23T14:39:23-07:00,0,0
index.html,20,html,7d612d3a,harshatha-prasanna,2026-04-23,14:39:23,-07:00,2026-04-23T14:39:23-07:00,2,22
index.html,21,html,7d612d3a,harshatha-prasanna,2026-04-23,14:39:23,-07:00,2026-04-23T14:39:23-07:00,2,26
index.html,22,html,7fcc07ca,harshatha-prasanna,2026-04-03,03:18:53,-07:00,2026-04-03T03:18:53-07:00,0,5
index.html,23,html,7fcc07ca,harshatha-prasanna,2026-04-03,03:18:53,-07:00,2026-04-03T03:18:53-07:00,0,5
global.js,1,js,5a2aec79,harshatha-prasanna,2026-04-16,21:06:40,-07:00,2026-04-16T21:06:40-07:00,0,25
global.js,2,js,5a2aec79,harshatha-prasanna,2026-04-16,21:06:40,-07:00,2026-04-16T21:06:40-07:00,0,0
global.js,3,js,5a2aec79,harshatha-prasanna,2026-04-16,21:06:40,-07:00,2026-04-16T21:06:40-07:00,0,41
global.js,4,js,5a2aec79,harshatha-prasanna,2026-04-16,21:06:40,-07:00,2026-04-16T21:06:40-07:00,1,52
global.js,5,js,5a2aec79,harshatha-prasanna,2026-04-16,21:06:40,-07:00,2026-04-16T21:06:40-07:00,0,0
global.js,6,js,5a2aec79,harshatha-prasanna,2026-04-16,21:06:40,-07:00,2026-04-16T21:06:40-07:00,0,0
global.js,7,js,5a2aec79,harshatha-prasanna,2026-04-16,21:06:40,-07:00,2026-04-16T21:06:40-07:00,0,88
global.js,8,js,5a2aec79,harshatha-prasanna,2026-04-16,21:06:40,-07:00,2026-04-16T21:06:40-07:00,1,3
global.js,9,js,5a2aec79,harshatha-prasanna,2026-04-16,21:06:40,-07:00,2026-04-16T21:06:40-07:00,1,14
global.js,10,js,5a2aec79,harshatha-prasanna,2026-04-16,21:06:40,-07:00,2026-04-16T21:06:40-07:00,0,0
global.js,11,js,5a2aec79,harshatha-prasanna,2026-04-16,21:06:40,-07:00,2026-04-16T21:06:40-07:00,0,11
global.js,12,js,5a2aec79,harshatha-prasanna,2026-04-16,21:06:40,-07:00,2026-04-16T21:06:40-07:00,1,25
global.js,13,js,5a2aec79,harshatha-prasanna,2026-04-16,21:06:40,-07:00,2026-04-16T21:06:40-07:00,1,38
global.js,14,js,5a2aec79,harshatha-prasanna,2026-04-16,21:06:40,-07:00,2026-04-16T21:06:40-07:00,1,34
global.js,15,js,5a2aec79,harshatha-prasanna,2026-04-16,21:06:40,-07:00,2026-04-16T21:06:40-07:00,1,36
global.js,16,js,00000000,Not Committed Yet,2026-05-07,15:53:32,-07:00,2026-05-07T15:53:32-07:00,1,30
global.js,17,js,5a2aec79,harshatha-prasanna,2026-04-16,21:06:40,-07:00,2026-04-16T21:06:40-07:00,1,64
global.js,18,js,5a2aec79,harshatha-prasanna,2026-04-16,21:06:40,-07:00,2026-04-16T21:06:40-07:00,0,0
global.js,19,js,5a2aec79,harshatha-prasanna,2026-04-16,21:06:40,-07:00,2026-04-16T21:06:40-07:00,0,0
global.js,20,js,5a2aec79,harshatha-prasanna,2026-04-16,21:06:40,-07:00,2026-04-16T21:06:40-07:00,0,38
global.js,21,js,5a2aec79,harshatha-prasanna,2026-04-16,21:06:40,-07:00,2026-04-16T21:06:40-07:00,0,25
global.js,22,js,5a2aec79,harshatha-prasanna,2026-04-16,21:06:40,-07:00,2026-04-16T21:06:40-07:00,0,0
global.js,23,js,5a2aec79,harshatha-prasanna,2026-04-16,21:06:40,-07:00,2026-04-16T21:06:40-07:00,0,20
global.js,24,js,5a2aec79,harshatha-prasanna,2026-04-16,21:06:40,-07:00,2026-04-16T21:06:40-07:00,1,14
global.js,25,js,5a2aec79,harshatha-prasanna,2026-04-16,21:06:40,-07:00,2026-04-16T21:06:40-07:00,1,18
global.js,26,js,5a2aec79,harshatha-prasanna,2026-04-16,21:06:40,-07:00,2026-04-16T21:06:40-07:00,0,0
global.js,27,js,5a2aec79,harshatha-prasanna,2026-04-16,21:06:40,-07:00,2026-04-16T21:06:40-07:00,1,52
global.js,28,js,5a2aec79,harshatha-prasanna,2026-04-16,21:06:40,-07:00,2026-04-16T21:06:40-07:00,0,0
global.js,29,js,5a2aec79,harshatha-prasanna,2026-04-16,21:06:40,-07:00,2026-04-16T21:06:40-07:00,1,34
global.js,30,js,5a2aec79,harshatha-prasanna,2026-04-16,21:06:40,-07:00,2026-04-16T21:06:40-07:00,1,11
global.js,31,js,5a2aec79,harshatha-prasanna,2026-04-16,21:06:40,-07:00,2026-04-16T21:06:40-07:00,1,20
global.js,32,js,5a2aec79,harshatha-prasanna,2026-04-16,21:06:40,-07:00,2026-04-16T21:06:40-07:00,0,0
global.js,33,js,5a2aec79,harshatha-prasanna,2026-04-16,21:06:40,-07:00,2026-04-16T21:06:40-07:00,1,90
global.js,34,js,5a2aec79,harshatha-prasanna,2026-04-16,21:06:40,-07:00,2026-04-16T21:06:40-07:00,0,0
global.js,35,js,5a2aec79,harshatha-prasanna,2026-04-16,21:06:40,-07:00,2026-04-16T21:06:40-07:00,1,29
global.js,36,js,5a2aec79,harshatha-prasanna,2026-04-16,21:06:40,-07:00,2026-04-16T21:06:40-07:00,2,18
global.js,37,js,5a2aec79,harshatha-prasanna,2026-04-16,21:06:40,-07:00,2026-04-16T21:06:40-07:00,1,0
global.js,38,js,5a2aec79,harshatha-prasanna,2026-04-16,21:06:40,-07:00,2026-04-16T21:06:40-07:00,0,0
global.js,39,js,5a2aec79,harshatha-prasanna,2026-04-16,21:06:40,-07:00,2026-04-16T21:06:40-07:00,1,12
global.js,40,js,5a2aec79,harshatha-prasanna,2026-04-16,21:06:40,-07:00,2026-04-16T21:06:40-07:00,0,0
global.js,41,js,5a2aec79,harshatha-prasanna,2026-04-16,21:06:40,-07:00,2026-04-16T21:06:40-07:00,0,0
global.js,42,js,5a2aec79,harshatha-prasanna,2026-04-16,21:06:40,-07:00,2026-04-16T21:06:40-07:00,0,31
global.js,43,js,5a2aec79,harshatha-prasanna,2026-04-16,21:06:40,-07:00,2026-04-16T21:06:40-07:00,1,11
global.js,44,js,5a2aec79,harshatha-prasanna,2026-04-16,21:06:40,-07:00,2026-04-16T21:06:40-07:00,1,27
global.js,45,js,5a2aec79,harshatha-prasanna,2026-04-16,21:06:40,-07:00,2026-04-16T21:06:40-07:00,2,4
global.js,46,js,5a2aec79,harshatha-prasanna,2026-04-16,21:06:40,-07:00,2026-04-16T21:06:40-07:00,2,6
global.js,47,js,5a2aec79,harshatha-prasanna,2026-04-16,21:06:40,-07:00,2026-04-16T21:06:40-07:00,3,43
global.js,48,js,5a2aec79,harshatha-prasanna,2026-04-16,21:06:40,-07:00,2026-04-16T21:06:40-07:00,3,34
global.js,49,js,5a2aec79,harshatha-prasanna,2026-04-16,21:06:40,-07:00,2026-04-16T21:06:40-07:00,3,32
global.js,50,js,5a2aec79,harshatha-prasanna,2026-04-16,21:06:40,-07:00,2026-04-16T21:06:40-07:00,2,7
global.js,51,js,5a2aec79,harshatha-prasanna,2026-04-16,21:06:40,-07:00,2026-04-16T21:06:40-07:00,1,7
global.js,52,js,5a2aec79,harshatha-prasanna,2026-04-16,21:06:40,-07:00,2026-04-16T21:06:40-07:00,0,0
global.js,53,js,5a2aec79,harshatha-prasanna,2026-04-16,21:06:40,-07:00,2026-04-16T21:06:40-07:00,0,0
global.js,54,js,5a2aec79,harshatha-prasanna,2026-04-16,21:06:40,-07:00,2026-04-16T21:06:40-07:00,0,58
global.js,55,js,5a2aec79,harshatha-prasanna,2026-04-16,21:06:40,-07:00,2026-04-16T21:06:40-07:00,0,0
global.js,56,js,5a2aec79,harshatha-prasanna,2026-04-16,21:06:40,-07:00,2026-04-16T21:06:40-07:00,0,34
global.js,57,js,5a2aec79,harshatha-prasanna,2026-04-16,21:06:40,-07:00,2026-04-16T21:06:40-07:00,1,83
global.js,58,js,5a2aec79,harshatha-prasanna,2026-04-16,21:06:40,-07:00,2026-04-16T21:06:40-07:00,1,38
global.js,59,js,5a2aec79,harshatha-prasanna,2026-04-16,21:06:40,-07:00,2026-04-16T21:06:40-07:00,0,0
global.js,60,js,5a2aec79,harshatha-prasanna,2026-04-16,21:06:40,-07:00,2026-04-16T21:06:40-07:00,0,0
global.js,61,js,5a2aec79,harshatha-prasanna,2026-04-16,21:06:40,-07:00,2026-04-16T21:06:40-07:00,0,48
global.js,62,js,5a2aec79,harshatha-prasanna,2026-04-16,21:06:40,-07:00,2026-04-16T21:06:40-07:00,1,77
global.js,63,js,5a2aec79,harshatha-prasanna,2026-04-16,21:06:40,-07:00,2026-04-16T21:06:40-07:00,1,44
global.js,64,js,7d612d3a,harshatha-prasanna,2026-04-23,14:39:23,-07:00,2026-04-23T14:39:23-07:00,0,1
global.js,65,js,7d612d3a,harshatha-prasanna,2026-04-23,14:39:23,-07:00,2026-04-23T14:39:23-07:00,0,0
global.js,66,js,7d612d3a,harshatha-prasanna,2026-04-23,14:39:23,-07:00,2026-04-23T14:39:23-07:00,0,36
global.js,67,js,7d612d3a,harshatha-prasanna,2026-04-23,14:39:23,-07:00,2026-04-23T14:39:23-07:00,1,3
global.js,68,js,7d612d3a,harshatha-prasanna,2026-04-23,14:39:23,-07:00,2026-04-23T14:39:23-07:00,2,32
global.js,69,js,7d612d3a,harshatha-prasanna,2026-04-23,14:39:23,-07:00,2026-04-23T14:39:23-07:00,2,17
global.js,70,js,7d612d3a,harshatha-prasanna,2026-04-23,14:39:23,-07:00,2026-04-23T14:39:23-07:00,3,57
global.js,71,js,7d612d3a,harshatha-prasanna,2026-04-23,14:39:23,-07:00,2026-04-23T14:39:23-07:00,2,0
global.js,72,js,7d612d3a,harshatha-prasanna,2026-04-23,14:39:23,-07:00,2026-04-23T14:39:23-07:00,2,33
global.js,73,js,7d612d3a,harshatha-prasanna,2026-04-23,14:39:23,-07:00,2026-04-23T14:39:23-07:00,2,10
global.js,74,js,7d612d3a,harshatha-prasanna,2026-04-23,14:39:23,-07:00,2026-04-23T14:39:23-07:00,1,15
global.js,75,js,7d612d3a,harshatha-prasanna,2026-04-23,14:39:23,-07:00,2026-04-23T14:39:23-07:00,2,59
global.js,76,js,7d612d3a,harshatha-prasanna,2026-04-23,14:39:23,-07:00,2026-04-23T14:39:23-07:00,1,0
global.js,77,js,7d612d3a,harshatha-prasanna,2026-04-23,14:39:23,-07:00,2026-04-23T14:39:23-07:00,0,0
global.js,78,js,7d612d3a,harshatha-prasanna,2026-04-23,14:39:23,-07:00,2026-04-23T14:39:23-07:00,0,0
global.js,79,js,7d612d3a,harshatha-prasanna,2026-04-23,14:39:23,-07:00,2026-04-23T14:39:23-07:00,0,79
global.js,80,js,7d612d3a,harshatha-prasanna,2026-04-23,14:39:23,-07:00,2026-04-23T14:39:23-07:00,1,30
global.js,81,js,7d612d3a,harshatha-prasanna,2026-04-23,14:39:23,-07:00,2026-04-23T14:39:23-07:00,1,29
global.js,82,js,7d612d3a,harshatha-prasanna,2026-04-23,14:39:23,-07:00,2026-04-23T14:39:23-07:00,2,48
global.js,83,js,7d612d3a,harshatha-prasanna,2026-04-23,14:39:23,-07:00,2026-04-23T14:39:23-07:00,2,19
global.js,84,js,7d612d3a,harshatha-prasanna,2026-04-23,14:39:23,-07:00,2026-04-23T14:39:23-07:00,3,49
global.js,85,js,7d612d3a,harshatha-prasanna,2026-04-23,14:39:23,-07:00,2026-04-23T14:39:23-07:00,3,49
global.js,86,js,751a1ea1,harshatha-prasanna,2026-05-01,13:42:16,-07:00,2026-05-01T13:42:16-07:00,3,3
global.js,87,js,751a1ea1,harshatha-prasanna,2026-05-01,13:42:16,-07:00,2026-05-01T13:42:16-07:00,4,27
global.js,88,js,751a1ea1,harshatha-prasanna,2026-05-01,13:42:16,-07:00,2026-05-01T13:42:16-07:00,4,41
global.js,89,js,751a1ea1,harshatha-prasanna,2026-05-01,13:42:16,-07:00,2026-05-01T13:42:16-07:00,3,4
global.js,90,js,7d612d3a,harshatha-prasanna,2026-04-23,14:39:23,-07:00,2026-04-23T14:39:23-07:00,2,0
global.js,91,js,7d612d3a,harshatha-prasanna,2026-04-23,14:39:23,-07:00,2026-04-23T14:39:23-07:00,2,36
global.js,92,js,7d612d3a,harshatha-prasanna,2026-04-23,14:39:23,-07:00,2026-04-23T14:39:23-07:00,1,0
global.js,93,js,7d612d3a,harshatha-prasanna,2026-04-23,14:39:23,-07:00,2026-04-23T14:39:23-07:00,0,0
global.js,94,js,7d612d3a,harshatha-prasanna,2026-04-23,14:39:23,-07:00,2026-04-23T14:39:23-07:00,0,0
global.js,95,js,7d612d3a,harshatha-prasanna,2026-04-23,14:39:23,-07:00,2026-04-23T14:39:23-07:00,0,47
global.js,96,js,7d612d3a,harshatha-prasanna,2026-04-23,14:39:23,-07:00,2026-04-23T14:39:23-07:00,1,59
global.js,97,js,7d612d3a,harshatha-prasanna,2026-04-23,14:39:23,-07:00,2026-04-23T14:39:23-07:00,0,0
resume/index.html,1,html,0ceff637,harshatha-prasanna,2026-04-03,04:07:01,-07:00,2026-04-03T04:07:01-07:00,0,13
resume/index.html,2,html,0ceff637,harshatha-prasanna,2026-04-03,04:07:01,-07:00,2026-04-03T04:07:01-07:00,0,14
resume/index.html,3,html,0ceff637,harshatha-prasanna,2026-04-03,04:07:01,-07:00,2026-04-03T04:07:01-07:00,0,4
resume/index.html,4,html,0ceff637,harshatha-prasanna,2026-04-03,04:07:01,-07:00,2026-04-03T04:07:01-07:00,2,20
resume/index.html,5,html,0ceff637,harshatha-prasanna,2026-04-03,04:07:01,-07:00,2026-04-03T04:07:01-07:00,2,68
resume/index.html,6,html,0ceff637,harshatha-prasanna,2026-04-03,04:07:01,-07:00,2026-04-03T04:07:01-07:00,2,40
resume/index.html,7,html,0ceff637,harshatha-prasanna,2026-04-03,04:07:01,-07:00,2026-04-03T04:07:01-07:00,2,41
resume/index.html,8,html,5a2aec79,harshatha-prasanna,2026-04-16,21:06:40,-07:00,2026-04-16T21:06:40-07:00,2,48
resume/index.html,9,html,0ceff637,harshatha-prasanna,2026-04-03,04:07:01,-07:00,2026-04-03T04:07:01-07:00,0,5
resume/index.html,10,html,0ceff637,harshatha-prasanna,2026-04-03,04:07:01,-07:00,2026-04-03T04:07:01-07:00,0,4
resume/index.html,11,html,0ceff637,harshatha-prasanna,2026-04-03,04:07:01,-07:00,2026-04-03T04:07:01-07:00,2,6
resume/index.html,12,html,0ceff637,harshatha-prasanna,2026-04-03,04:07:01,-07:00,2026-04-03T04:07:01-07:00,4,25
resume/index.html,13,html,0ceff637,harshatha-prasanna,2026-04-03,04:07:01,-07:00,2026-04-03T04:07:01-07:00,4,1
resume/index.html,14,html,0ceff637,harshatha-prasanna,2026-04-03,04:07:01,-07:00,2026-04-03T04:07:01-07:00,6,58
resume/index.html,15,html,0ceff637,harshatha-prasanna,2026-04-03,04:07:01,-07:00,2026-04-03T04:07:01-07:00,6,14
resume/index.html,16,html,0ceff637,harshatha-prasanna,2026-04-03,04:07:01,-07:00,2026-04-03T04:07:01-07:00,6,79
resume/index.html,17,html,0ceff637,harshatha-prasanna,2026-04-03,04:07:01,-07:00,2026-04-03T04:07:01-07:00,4,2
resume/index.html,18,html,0ceff637,harshatha-prasanna,2026-04-03,04:07:01,-07:00,2026-04-03T04:07:01-07:00,2,7
resume/index.html,19,html,0ceff637,harshatha-prasanna,2026-04-03,04:07:01,-07:00,2026-04-03T04:07:01-07:00,0,0
resume/index.html,20,html,0ceff637,harshatha-prasanna,2026-04-03,04:07:01,-07:00,2026-04-03T04:07:01-07:00,2,7
resume/index.html,21,html,0ceff637,harshatha-prasanna,2026-04-03,04:07:01,-07:00,2026-04-03T04:07:01-07:00,4,14
resume/index.html,22,html,0ceff637,harshatha-prasanna,2026-04-03,04:07:01,-07:00,2026-04-03T04:07:01-07:00,4,327
resume/index.html,23,html,0ceff637,harshatha-prasanna,2026-04-03,04:07:01,-07:00,2026-04-03T04:07:01-07:00,2,8
resume/index.html,24,html,0ceff637,harshatha-prasanna,2026-04-03,04:07:01,-07:00,2026-04-03T04:07:01-07:00,0,0
resume/index.html,25,html,0ceff637,harshatha-prasanna,2026-04-03,04:07:01,-07:00,2026-04-03T04:07:01-07:00,2,7
resume/index.html,26,html,0ceff637,harshatha-prasanna,2026-04-03,04:07:01,-07:00,2026-04-03T04:07:01-07:00,4,16
resume/index.html,27,html,0ceff637,harshatha-prasanna,2026-04-03,04:07:01,-07:00,2026-04-03T04:07:01-07:00,4,7
resume/index.html,28,html,0ceff637,harshatha-prasanna,2026-04-03,04:07:01,-07:00,2026-04-03T04:07:01-07:00,6,6
resume/index.html,29,html,0ceff637,harshatha-prasanna,2026-04-03,04:07:01,-07:00,2026-04-03T04:07:01-07:00,8,42
resume/index.html,30,html,0ceff637,harshatha-prasanna,2026-04-03,04:07:01,-07:00,2026-04-03T04:07:01-07:00,8,111
resume/index.html,31,html,0ceff637,harshatha-prasanna,2026-04-03,04:07:01,-07:00,2026-04-03T04:07:01-07:00,6,7
resume/index.html,32,html,0ceff637,harshatha-prasanna,2026-04-03,04:07:01,-07:00,2026-04-03T04:07:01-07:00,6,2
resume/index.html,33,html,0ceff637,harshatha-prasanna,2026-04-03,04:07:01,-07:00,2026-04-03T04:07:01-07:00,8,16
resume/index.html,34,html,0ceff637,harshatha-prasanna,2026-04-03,04:07:01,-07:00,2026-04-03T04:07:01-07:00,8,156
resume/index.html,35,html,0ceff637,harshatha-prasanna,2026-04-03,04:07:01,-07:00,2026-04-03T04:07:01-07:00,6,3
resume/index.html,36,html,0ceff637,harshatha-prasanna,2026-04-03,04:07:01,-07:00,2026-04-03T04:07:01-07:00,4,8
resume/index.html,37,html,0ceff637,harshatha-prasanna,2026-04-03,04:07:01,-07:00,2026-04-03T04:07:01-07:00,2,8
resume/index.html,38,html,0ceff637,harshatha-prasanna,2026-04-03,04:07:01,-07:00,2026-04-03T04:07:01-07:00,0,0
resume/index.html,39,html,0ceff637,harshatha-prasanna,2026-04-03,04:07:01,-07:00,2026-04-03T04:07:01-07:00,2,7
resume/index.html,40,html,0ceff637,harshatha-prasanna,2026-04-03,04:07:01,-07:00,2026-04-03T04:07:01-07:00,4,13
resume/index.html,41,html,0ceff637,harshatha-prasanna,2026-04-03,04:07:01,-07:00,2026-04-03T04:07:01-07:00,4,2
resume/index.html,42,html,0ceff637,harshatha-prasanna,2026-04-03,04:07:01,-07:00,2026-04-03T04:07:01-07:00,6,65
resume/index.html,43,html,0ceff637,harshatha-prasanna,2026-04-03,04:07:01,-07:00,2026-04-03T04:07:01-07:00,6,132
resume/index.html,44,html,0ceff637,harshatha-prasanna,2026-04-03,04:07:01,-07:00,2026-04-03T04:07:01-07:00,6,126
resume/index.html,45,html,0ceff637,harshatha-prasanna,2026-04-03,04:07:01,-07:00,2026-04-03T04:07:01-07:00,6,112
resume/index.html,46,html,0ceff637,harshatha-prasanna,2026-04-03,04:07:01,-07:00,2026-04-03T04:07:01-07:00,6,66
resume/index.html,47,html,0ceff637,harshatha-prasanna,2026-04-03,04:07:01,-07:00,2026-04-03T04:07:01-07:00,4,3
resume/index.html,48,html,0ceff637,harshatha-prasanna,2026-04-03,04:07:01,-07:00,2026-04-03T04:07:01-07:00,2,8
resume/index.html,49,html,0ceff637,harshatha-prasanna,2026-04-03,04:07:01,-07:00,2026-04-03T04:07:01-07:00,0,0
resume/index.html,50,html,0ceff637,harshatha-prasanna,2026-04-03,04:07:01,-07:00,2026-04-03T04:07:01-07:00,2,7
resume/index.html,51,html,0ceff637,harshatha-prasanna,2026-04-03,04:07:01,-07:00,2026-04-03T04:07:01-07:00,4,17
resume/index.html,52,html,0ceff637,harshatha-prasanna,2026-04-03,04:07:01,-07:00,2026-04-03T04:07:01-07:00,4,0
resume/index.html,53,html,0ceff637,harshatha-prasanna,2026-04-03,04:07:01,-07:00,2026-04-03T04:07:01-07:00,4,7
resume/index.html,54,html,0ceff637,harshatha-prasanna,2026-04-03,04:07:01,-07:00,2026-04-03T04:07:01-07:00,6,6
resume/index.html,55,html,0ceff637,harshatha-prasanna,2026-04-03,04:07:01,-07:00,2026-04-03T04:07:01-07:00,8,43
resume/index.html,56,html,0ceff637,harshatha-prasanna,2026-04-03,04:07:01,-07:00,2026-04-03T04:07:01-07:00,8,146
resume/index.html,57,html,0ceff637,harshatha-prasanna,2026-04-03,04:07:01,-07:00,2026-04-03T04:07:01-07:00,6,7
resume/index.html,58,html,0ceff637,harshatha-prasanna,2026-04-03,04:07:01,-07:00,2026-04-03T04:07:01-07:00,6,2
resume/index.html,59,html,0ceff637,harshatha-prasanna,2026-04-03,04:07:01,-07:00,2026-04-03T04:07:01-07:00,8,207
resume/index.html,60,html,0ceff637,harshatha-prasanna,2026-04-03,04:07:01,-07:00,2026-04-03T04:07:01-07:00,8,227
resume/index.html,61,html,0ceff637,harshatha-prasanna,2026-04-03,04:07:01,-07:00,2026-04-03T04:07:01-07:00,8,172
resume/index.html,62,html,0ceff637,harshatha-prasanna,2026-04-03,04:07:01,-07:00,2026-04-03T04:07:01-07:00,6,3
resume/index.html,63,html,0ceff637,harshatha-prasanna,2026-04-03,04:07:01,-07:00,2026-04-03T04:07:01-07:00,4,8
resume/index.html,64,html,0ceff637,harshatha-prasanna,2026-04-03,04:07:01,-07:00,2026-04-03T04:07:01-07:00,0,0
resume/index.html,65,html,0ceff637,harshatha-prasanna,2026-04-03,04:07:01,-07:00,2026-04-03T04:07:01-07:00,4,7
resume/index.html,66,html,0ceff637,harshatha-prasanna,2026-04-03,04:07:01,-07:00,2026-04-03T04:07:01-07:00,6,6
resume/index.html,67,html,0ceff637,harshatha-prasanna,2026-04-03,04:07:01,-07:00,2026-04-03T04:07:01-07:00,8,46
resume/index.html,68,html,0ceff637,harshatha-prasanna,2026-04-03,04:07:01,-07:00,2026-04-03T04:07:01-07:00,8,131
resume/index.html,69,html,0ceff637,harshatha-prasanna,2026-04-03,04:07:01,-07:00,2026-04-03T04:07:01-07:00,6,7
resume/index.html,70,html,0ceff637,harshatha-prasanna,2026-04-03,04:07:01,-07:00,2026-04-03T04:07:01-07:00,6,2
resume/index.html,71,html,0ceff637,harshatha-prasanna,2026-04-03,04:07:01,-07:00,2026-04-03T04:07:01-07:00,8,185
resume/index.html,72,html,0ceff637,harshatha-prasanna,2026-04-03,04:07:01,-07:00,2026-04-03T04:07:01-07:00,8,261
resume/index.html,73,html,0ceff637,harshatha-prasanna,2026-04-03,04:07:01,-07:00,2026-04-03T04:07:01-07:00,8,110
resume/index.html,74,html,0ceff637,harshatha-prasanna,2026-04-03,04:07:01,-07:00,2026-04-03T04:07:01-07:00,6,3
resume/index.html,75,html,0ceff637,harshatha-prasanna,2026-04-03,04:07:01,-07:00,2026-04-03T04:07:01-07:00,4,8
resume/index.html,76,html,0ceff637,harshatha-prasanna,2026-04-03,04:07:01,-07:00,2026-04-03T04:07:01-07:00,0,0
resume/index.html,77,html,0ceff637,harshatha-prasanna,2026-04-03,04:07:01,-07:00,2026-04-03T04:07:01-07:00,4,7
resume/index.html,78,html,0ceff637,harshatha-prasanna,2026-04-03,04:07:01,-07:00,2026-04-03T04:07:01-07:00,6,6
resume/index.html,79,html,0ceff637,harshatha-prasanna,2026-04-03,04:07:01,-07:00,2026-04-03T04:07:01-07:00,8,31
resume/index.html,80,html,0ceff637,harshatha-prasanna,2026-04-03,04:07:01,-07:00,2026-04-03T04:07:01-07:00,8,104
resume/index.html,81,html,0ceff637,harshatha-prasanna,2026-04-03,04:07:01,-07:00,2026-04-03T04:07:01-07:00,6,7
resume/index.html,82,html,0ceff637,harshatha-prasanna,2026-04-03,04:07:01,-07:00,2026-04-03T04:07:01-07:00,6,2
resume/index.html,83,html,0ceff637,harshatha-prasanna,2026-04-03,04:07:01,-07:00,2026-04-03T04:07:01-07:00,8,175
resume/index.html,84,html,0ceff637,harshatha-prasanna,2026-04-03,04:07:01,-07:00,2026-04-03T04:07:01-07:00,8,115
resume/index.html,85,html,0ceff637,harshatha-prasanna,2026-04-03,04:07:01,-07:00,2026-04-03T04:07:01-07:00,8,117
resume/index.html,86,html,0ceff637,harshatha-prasanna,2026-04-03,04:07:01,-07:00,2026-04-03T04:07:01-07:00,6,3
resume/index.html,87,html,0ceff637,harshatha-prasanna,2026-04-03,04:07:01,-07:00,2026-04-03T04:07:01-07:00,4,8
resume/index.html,88,html,0ceff637,harshatha-prasanna,2026-04-03,04:07:01,-07:00,2026-04-03T04:07:01-07:00,2,8
resume/index.html,89,html,0ceff637,harshatha-prasanna,2026-04-03,04:07:01,-07:00,2026-04-03T04:07:01-07:00,0,0
resume/index.html,90,html,0ceff637,harshatha-prasanna,2026-04-03,04:07:01,-07:00,2026-04-03T04:07:01-07:00,2,7
resume/index.html,91,html,0ceff637,harshatha-prasanna,2026-04-03,04:07:01,-07:00,2026-04-03T04:07:01-07:00,4,29
resume/index.html,92,html,0ceff637,harshatha-prasanna,2026-04-03,04:07:01,-07:00,2026-04-03T04:07:01-07:00,4,21
resume/index.html,93,html,0ceff637,harshatha-prasanna,2026-04-03,04:07:01,-07:00,2026-04-03T04:07:01-07:00,4,2
resume/index.html,94,html,0ceff637,harshatha-prasanna,2026-04-03,04:07:01,-07:00,2026-04-03T04:07:01-07:00,6,109
resume/index.html,95,html,0ceff637,harshatha-prasanna,2026-04-03,04:07:01,-07:00,2026-04-03T04:07:01-07:00,6,77
resume/index.html,96,html,0ceff637,harshatha-prasanna,2026-04-03,04:07:01,-07:00,2026-04-03T04:07:01-07:00,6,97
resume/index.html,97,html,0ceff637,harshatha-prasanna,2026-04-03,04:07:01,-07:00,2026-04-03T04:07:01-07:00,4,3
resume/index.html,98,html,0ceff637,harshatha-prasanna,2026-04-03,04:07:01,-07:00,2026-04-03T04:07:01-07:00,4,0
resume/index.html,99,html,0ceff637,harshatha-prasanna,2026-04-03,04:07:01,-07:00,2026-04-03T04:07:01-07:00,4,16
resume/index.html,100,html,0ceff637,harshatha-prasanna,2026-04-03,04:07:01,-07:00,2026-04-03T04:07:01-07:00,4,82
resume/index.html,101,html,0ceff637,harshatha-prasanna,2026-04-03,04:07:01,-07:00,2026-04-03T04:07:01-07:00,2,8
resume/index.html,102,html,0ceff637,harshatha-prasanna,2026-04-03,04:07:01,-07:00,2026-04-03T04:07:01-07:00,0,5
resume/index.html,103,html,0ceff637,harshatha-prasanna,2026-04-03,04:07:01,-07:00,2026-04-03T04:07:01-07:00,0,5
projects/projects.js,1,js,7d612d3a,harshatha-prasanna,2026-04-23,14:39:23,-07:00,2026-04-23T14:39:23-07:00,0,55
projects/projects.js,2,js,751a1ea1,harshatha-prasanna,2026-05-01,13:42:16,-07:00,2026-05-01T13:42:16-07:00,0,63
projects/projects.js,3,js,7d612d3a,harshatha-prasanna,2026-04-23,14:39:23,-07:00,2026-04-23T14:39:23-07:00,0,0
projects/projects.js,4,js,7d612d3a,harshatha-prasanna,2026-04-23,14:39:23,-07:00,2026-04-23T14:39:23-07:00,0,55
projects/projects.js,5,js,751a1ea1,harshatha-prasanna,2026-05-01,13:42:16,-07:00,2026-05-01T13:42:16-07:00,0,60
projects/projects.js,6,js,7d612d3a,harshatha-prasanna,2026-04-23,14:39:23,-07:00,2026-04-23T14:39:23-07:00,0,0
projects/projects.js,7,js,7d612d3a,harshatha-prasanna,2026-04-23,14:39:23,-07:00,2026-04-23T14:39:23-07:00,0,62
projects/projects.js,8,js,7d612d3a,harshatha-prasanna,2026-04-23,14:39:23,-07:00,2026-04-23T14:39:23-07:00,0,18
projects/projects.js,9,js,7d612d3a,harshatha-prasanna,2026-04-23,14:39:23,-07:00,2026-04-23T14:39:23-07:00,1,58
projects/projects.js,10,js,7d612d3a,harshatha-prasanna,2026-04-23,14:39:23,-07:00,2026-04-23T14:39:23-07:00,0,0
projects/projects.js,11,js,7d612d3a,harshatha-prasanna,2026-04-23,14:39:23,-07:00,2026-04-23T14:39:23-07:00,0,0
projects/projects.js,12,js,751a1ea1,harshatha-prasanna,2026-05-01,13:42:16,-07:00,2026-05-01T13:42:16-07:00,0,21
projects/projects.js,13,js,884b2a33,harshatha-prasanna,2026-05-01,18:11:28,-07:00,2026-05-01T18:11:28-07:00,0,13
projects/projects.js,14,js,884b2a33,harshatha-prasanna,2026-05-01,18:11:28,-07:00,2026-05-01T18:11:28-07:00,0,0
projects/projects.js,15,js,884b2a33,harshatha-prasanna,2026-05-01,18:11:28,-07:00,2026-05-01T18:11:28-07:00,0,28
projects/projects.js,16,js,884b2a33,harshatha-prasanna,2026-05-01,18:11:28,-07:00,2026-05-01T18:11:28-07:00,1,35
projects/projects.js,17,js,884b2a33,harshatha-prasanna,2026-05-01,18:11:28,-07:00,2026-05-01T18:11:28-07:00,2,59
projects/projects.js,18,js,884b2a33,harshatha-prasanna,2026-05-01,18:11:28,-07:00,2026-05-01T18:11:28-07:00,2,42
projects/projects.js,19,js,884b2a33,harshatha-prasanna,2026-05-01,18:11:28,-07:00,2026-05-01T18:11:28-07:00,1,1
projects/projects.js,20,js,884b2a33,harshatha-prasanna,2026-05-01,18:11:28,-07:00,2026-05-01T18:11:28-07:00,0,0
projects/projects.js,21,js,751a1ea1,harshatha-prasanna,2026-05-01,13:42:16,-07:00,2026-05-01T13:42:16-07:00,0,0
projects/projects.js,22,js,751a1ea1,harshatha-prasanna,2026-05-01,13:42:16,-07:00,2026-05-01T13:42:16-07:00,0,38
projects/projects.js,23,js,751a1ea1,harshatha-prasanna,2026-05-01,13:42:16,-07:00,2026-05-01T13:42:16-07:00,1,25
projects/projects.js,24,js,751a1ea1,harshatha-prasanna,2026-05-01,13:42:16,-07:00,2026-05-01T13:42:16-07:00,1,29
projects/projects.js,25,js,751a1ea1,harshatha-prasanna,2026-05-01,13:42:16,-07:00,2026-05-01T13:42:16-07:00,0,0
projects/projects.js,26,js,751a1ea1,harshatha-prasanna,2026-05-01,13:42:16,-07:00,2026-05-01T13:42:16-07:00,1,32
projects/projects.js,27,js,751a1ea1,harshatha-prasanna,2026-05-01,13:42:16,-07:00,2026-05-01T13:42:16-07:00,1,30
projects/projects.js,28,js,751a1ea1,harshatha-prasanna,2026-05-01,13:42:16,-07:00,2026-05-01T13:42:16-07:00,0,0
projects/projects.js,29,js,751a1ea1,harshatha-prasanna,2026-05-01,13:42:16,-07:00,2026-05-01T13:42:16-07:00,1,26
projects/projects.js,30,js,751a1ea1,harshatha-prasanna,2026-05-01,13:42:16,-07:00,2026-05-01T13:42:16-07:00,2,12
projects/projects.js,31,js,751a1ea1,harshatha-prasanna,2026-05-01,13:42:16,-07:00,2026-05-01T13:42:16-07:00,2,14
projects/projects.js,32,js,751a1ea1,harshatha-prasanna,2026-05-01,13:42:16,-07:00,2026-05-01T13:42:16-07:00,2,12
projects/projects.js,33,js,751a1ea1,harshatha-prasanna,2026-05-01,13:42:16,-07:00,2026-05-01T13:42:16-07:00,1,0
projects/projects.js,34,js,751a1ea1,harshatha-prasanna,2026-05-01,13:42:16,-07:00,2026-05-01T13:42:16-07:00,0,0
projects/projects.js,35,js,751a1ea1,harshatha-prasanna,2026-05-01,13:42:16,-07:00,2026-05-01T13:42:16-07:00,1,44
projects/projects.js,36,js,751a1ea1,harshatha-prasanna,2026-05-01,13:42:16,-07:00,2026-05-01T13:42:16-07:00,2,35
projects/projects.js,37,js,751a1ea1,harshatha-prasanna,2026-05-01,13:42:16,-07:00,2026-05-01T13:42:16-07:00,1,1
projects/projects.js,38,js,751a1ea1,harshatha-prasanna,2026-05-01,13:42:16,-07:00,2026-05-01T13:42:16-07:00,0,0
projects/projects.js,39,js,884b2a33,harshatha-prasanna,2026-05-01,18:11:28,-07:00,2026-05-01T18:11:28-07:00,1,58
projects/projects.js,40,js,884b2a33,harshatha-prasanna,2026-05-01,18:11:28,-07:00,2026-05-01T18:11:28-07:00,1,33
projects/projects.js,41,js,884b2a33,harshatha-prasanna,2026-05-01,18:11:28,-07:00,2026-05-01T18:11:28-07:00,2,17
projects/projects.js,42,js,884b2a33,harshatha-prasanna,2026-05-01,18:11:28,-07:00,2026-05-01T18:11:28-07:00,1,0
projects/projects.js,43,js,884b2a33,harshatha-prasanna,2026-05-01,18:11:28,-07:00,2026-05-01T18:11:28-07:00,0,0
projects/projects.js,44,js,751a1ea1,harshatha-prasanna,2026-05-01,13:42:16,-07:00,2026-05-01T13:42:16-07:00,1,47
projects/projects.js,45,js,751a1ea1,harshatha-prasanna,2026-05-01,13:42:16,-07:00,2026-05-01T13:42:16-07:00,1,57
projects/projects.js,46,js,751a1ea1,harshatha-prasanna,2026-05-01,13:42:16,-07:00,2026-05-01T13:42:16-07:00,1,50
projects/projects.js,47,js,751a1ea1,harshatha-prasanna,2026-05-01,13:42:16,-07:00,2026-05-01T13:42:16-07:00,1,33
projects/projects.js,48,js,751a1ea1,harshatha-prasanna,2026-05-01,13:42:16,-07:00,2026-05-01T13:42:16-07:00,1,45
projects/projects.js,49,js,751a1ea1,harshatha-prasanna,2026-05-01,13:42:16,-07:00,2026-05-01T13:42:16-07:00,0,0
projects/projects.js,50,js,751a1ea1,harshatha-prasanna,2026-05-01,13:42:16,-07:00,2026-05-01T13:42:16-07:00,1,24
projects/projects.js,51,js,751a1ea1,harshatha-prasanna,2026-05-01,13:42:16,-07:00,2026-05-01T13:42:16-07:00,2,1
projects/projects.js,52,js,751a1ea1,harshatha-prasanna,2026-05-01,13:42:16,-07:00,2026-05-01T13:42:16-07:00,3,13
projects/projects.js,53,js,751a1ea1,harshatha-prasanna,2026-05-01,13:42:16,-07:00,2026-05-01T13:42:16-07:00,3,13
projects/projects.js,54,js,751a1ea1,harshatha-prasanna,2026-05-01,13:42:16,-07:00,2026-05-01T13:42:16-07:00,3,22
projects/projects.js,55,js,751a1ea1,harshatha-prasanna,2026-05-01,13:42:16,-07:00,2026-05-01T13:42:16-07:00,3,51
projects/projects.js,56,js,751a1ea1,harshatha-prasanna,2026-05-01,13:42:16,-07:00,2026-05-01T13:42:16-07:00,3,18
projects/projects.js,57,js,751a1ea1,harshatha-prasanna,2026-05-01,13:42:16,-07:00,2026-05-01T13:42:16-07:00,4,43
projects/projects.js,58,js,751a1ea1,harshatha-prasanna,2026-05-01,13:42:16,-07:00,2026-05-01T13:42:16-07:00,0,0
projects/projects.js,59,js,751a1ea1,harshatha-prasanna,2026-05-01,13:42:16,-07:00,2026-05-01T13:42:16-07:00,4,1
projects/projects.js,60,js,751a1ea1,harshatha-prasanna,2026-05-01,13:42:16,-07:00,2026-05-01T13:42:16-07:00,5,16
projects/projects.js,61,js,751a1ea1,harshatha-prasanna,2026-05-01,13:42:16,-07:00,2026-05-01T13:42:16-07:00,5,68
projects/projects.js,62,js,751a1ea1,harshatha-prasanna,2026-05-01,13:42:16,-07:00,2026-05-01T13:42:16-07:00,0,0
projects/projects.js,63,js,751a1ea1,harshatha-prasanna,2026-05-01,13:42:16,-07:00,2026-05-01T13:42:16-07:00,4,4
projects/projects.js,64,js,751a1ea1,harshatha-prasanna,2026-05-01,13:42:16,-07:00,2026-05-01T13:42:16-07:00,5,14
projects/projects.js,65,js,751a1ea1,harshatha-prasanna,2026-05-01,13:42:16,-07:00,2026-05-01T13:42:16-07:00,5,24
projects/projects.js,66,js,751a1ea1,harshatha-prasanna,2026-05-01,13:42:16,-07:00,2026-05-01T13:42:16-07:00,6,61
projects/projects.js,67,js,751a1ea1,harshatha-prasanna,2026-05-01,13:42:16,-07:00,2026-05-01T13:42:16-07:00,5,0
projects/projects.js,68,js,751a1ea1,harshatha-prasanna,2026-05-01,13:42:16,-07:00,2026-05-01T13:42:16-07:00,0,0
projects/projects.js,69,js,884b2a33,harshatha-prasanna,2026-05-01,18:11:28,-07:00,2026-05-01T18:11:28-07:00,4,19
projects/projects.js,70,js,884b2a33,harshatha-prasanna,2026-05-01,18:11:28,-07:00,2026-05-01T18:11:28-07:00,4,39
projects/projects.js,71,js,751a1ea1,harshatha-prasanna,2026-05-01,13:42:16,-07:00,2026-05-01T13:42:16-07:00,4,25
projects/projects.js,72,js,884b2a33,harshatha-prasanna,2026-05-01,18:11:28,-07:00,2026-05-01T18:11:28-07:00,5,54
projects/projects.js,73,js,751a1ea1,harshatha-prasanna,2026-05-01,13:42:16,-07:00,2026-05-01T13:42:16-07:00,4,6
projects/projects.js,74,js,884b2a33,harshatha-prasanna,2026-05-01,18:11:28,-07:00,2026-05-01T18:11:28-07:00,5,39
projects/projects.js,75,js,751a1ea1,harshatha-prasanna,2026-05-01,13:42:16,-07:00,2026-05-01T13:42:16-07:00,6,42
projects/projects.js,76,js,751a1ea1,harshatha-prasanna,2026-05-01,13:42:16,-07:00,2026-05-01T13:42:16-07:00,5,0
projects/projects.js,77,js,884b2a33,harshatha-prasanna,2026-05-01,18:11:28,-07:00,2026-05-01T18:11:28-07:00,5,52
projects/projects.js,78,js,751a1ea1,harshatha-prasanna,2026-05-01,13:42:16,-07:00,2026-05-01T13:42:16-07:00,4,0
projects/projects.js,79,js,751a1ea1,harshatha-prasanna,2026-05-01,13:42:16,-07:00,2026-05-01T13:42:16-07:00,3,1
projects/projects.js,80,js,751a1ea1,harshatha-prasanna,2026-05-01,13:42:16,-07:00,2026-05-01T13:42:16-07:00,1,1
projects/projects.js,81,js,751a1ea1,harshatha-prasanna,2026-05-01,13:42:16,-07:00,2026-05-01T13:42:16-07:00,0,0
projects/projects.js,82,js,751a1ea1,harshatha-prasanna,2026-05-01,13:42:16,-07:00,2026-05-01T13:42:16-07:00,1,24
projects/projects.js,83,js,751a1ea1,harshatha-prasanna,2026-05-01,13:42:16,-07:00,2026-05-01T13:42:16-07:00,2,4
projects/projects.js,84,js,751a1ea1,harshatha-prasanna,2026-05-01,13:42:16,-07:00,2026-05-01T13:42:16-07:00,3,11
projects/projects.js,85,js,751a1ea1,harshatha-prasanna,2026-05-01,13:42:16,-07:00,2026-05-01T13:42:16-07:00,3,76
projects/projects.js,86,js,751a1ea1,harshatha-prasanna,2026-05-01,13:42:16,-07:00,2026-05-01T13:42:16-07:00,3,38
projects/projects.js,87,js,751a1ea1,harshatha-prasanna,2026-05-01,13:42:16,-07:00,2026-05-01T13:42:16-07:00,3,69
projects/projects.js,88,js,751a1ea1,harshatha-prasanna,2026-05-01,13:42:16,-07:00,2026-05-01T13:42:16-07:00,1,1
projects/projects.js,89,js,751a1ea1,harshatha-prasanna,2026-05-01,13:42:16,-07:00,2026-05-01T13:42:16-07:00,0,0
projects/projects.js,90,js,751a1ea1,harshatha-prasanna,2026-05-01,13:42:16,-07:00,2026-05-01T13:42:16-07:00,0,0
projects/projects.js,91,js,751a1ea1,harshatha-prasanna,2026-05-01,13:42:16,-07:00,2026-05-01T13:42:16-07:00,0,23
projects/projects.js,92,js,751a1ea1,harshatha-prasanna,2026-05-01,13:42:16,-07:00,2026-05-01T13:42:16-07:00,0,48
projects/projects.js,93,js,751a1ea1,harshatha-prasanna,2026-05-01,13:42:16,-07:00,2026-05-01T13:42:16-07:00,0,0
projects/projects.js,94,js,751a1ea1,harshatha-prasanna,2026-05-01,13:42:16,-07:00,2026-05-01T13:42:16-07:00,0,53
projects/projects.js,95,js,751a1ea1,harshatha-prasanna,2026-05-01,13:42:16,-07:00,2026-05-01T13:42:16-07:00,0,49
projects/projects.js,96,js,884b2a33,harshatha-prasanna,2026-05-01,18:11:28,-07:00,2026-05-01T18:11:28-07:00,1,25
projects/projects.js,97,js,884b2a33,harshatha-prasanna,2026-05-01,18:11:28,-07:00,2026-05-01T18:11:28-07:00,1,60
projects/projects.js,98,js,884b2a33,harshatha-prasanna,2026-05-01,18:11:28,-07:00,2026-05-01T18:11:28-07:00,1,39
projects/projects.js,99,js,884b2a33,harshatha-prasanna,2026-05-01,18:11:28,-07:00,2026-05-01T18:11:28-07:00,1,29
projects/projects.js,100,js,884b2a33,harshatha-prasanna,2026-05-01,18:11:28,-07:00,2026-05-01T18:11:28-07:00,1,54
projects/projects.js,101,js,751a1ea1,harshatha-prasanna,2026-05-01,13:42:16,-07:00,2026-05-01T13:42:16-07:00,0,1
projects/index.html,1,html,0ceff637,harshatha-prasanna,2026-04-03,04:07:01,-07:00,2026-04-03T04:07:01-07:00,0,13
projects/index.html,2,html,0ceff637,harshatha-prasanna,2026-04-03,04:07:01,-07:00,2026-04-03T04:07:01-07:00,0,14
projects/index.html,3,html,0ceff637,harshatha-prasanna,2026-04-03,04:07:01,-07:00,2026-04-03T04:07:01-07:00,0,4
projects/index.html,4,html,0ceff637,harshatha-prasanna,2026-04-03,04:07:01,-07:00,2026-04-03T04:07:01-07:00,2,20
projects/index.html,5,html,0ceff637,harshatha-prasanna,2026-04-03,04:07:01,-07:00,2026-04-03T04:07:01-07:00,2,68
projects/index.html,6,html,0ceff637,harshatha-prasanna,2026-04-03,04:07:01,-07:00,2026-04-03T04:07:01-07:00,2,33
projects/index.html,7,html,0ceff637,harshatha-prasanna,2026-04-03,04:07:01,-07:00,2026-04-03T04:07:01-07:00,2,41
projects/index.html,8,html,5a2aec79,harshatha-prasanna,2026-04-16,21:06:40,-07:00,2026-04-16T21:06:40-07:00,2,48
projects/index.html,9,html,7d612d3a,harshatha-prasanna,2026-04-23,14:39:23,-07:00,2026-04-23T14:39:23-07:00,2,47
projects/index.html,10,html,0ceff637,harshatha-prasanna,2026-04-03,04:07:01,-07:00,2026-04-03T04:07:01-07:00,0,5
projects/index.html,11,html,0ceff637,harshatha-prasanna,2026-04-03,04:07:01,-07:00,2026-04-03T04:07:01-07:00,0,4
projects/index.html,12,html,7d612d3a,harshatha-prasanna,2026-04-23,14:39:23,-07:00,2026-04-23T14:39:23-07:00,2,38
projects/index.html,13,html,751a1ea1,harshatha-prasanna,2026-05-01,13:42:16,-07:00,2026-05-01T13:42:16-07:00,0,0
projects/index.html,14,html,751a1ea1,harshatha-prasanna,2026-05-01,13:42:16,-07:00,2026-05-01T13:42:16-07:00,2,27
projects/index.html,15,html,751a1ea1,harshatha-prasanna,2026-05-01,13:42:16,-07:00,2026-05-01T13:42:16-07:00,3,58
projects/index.html,16,html,751a1ea1,harshatha-prasanna,2026-05-01,13:42:16,-07:00,2026-05-01T13:42:16-07:00,3,22
projects/index.html,17,html,751a1ea1,harshatha-prasanna,2026-05-01,13:42:16,-07:00,2026-05-01T13:42:16-07:00,2,4
projects/index.html,18,html,751a1ea1,harshatha-prasanna,2026-05-01,13:42:16,-07:00,2026-05-01T13:42:16-07:00,0,0
projects/index.html,19,html,751a1ea1,harshatha-prasanna,2026-05-01,13:42:16,-07:00,2026-05-01T13:42:16-07:00,2,4
projects/index.html,20,html,751a1ea1,harshatha-prasanna,2026-05-01,13:42:16,-07:00,2026-05-01T13:42:16-07:00,3,15
projects/index.html,21,html,751a1ea1,harshatha-prasanna,2026-05-01,13:42:16,-07:00,2026-05-01T13:42:16-07:00,3,11
projects/index.html,22,html,751a1ea1,harshatha-prasanna,2026-05-01,13:42:16,-07:00,2026-05-01T13:42:16-07:00,3,26
projects/index.html,23,html,751a1ea1,harshatha-prasanna,2026-05-01,13:42:16,-07:00,2026-05-01T13:42:16-07:00,3,31
projects/index.html,24,html,751a1ea1,harshatha-prasanna,2026-05-01,13:42:16,-07:00,2026-05-01T13:42:16-07:00,2,0
projects/index.html,25,html,751a1ea1,harshatha-prasanna,2026-05-01,13:42:16,-07:00,2026-05-01T13:42:16-07:00,0,0
projects/index.html,26,html,7d612d3a,harshatha-prasanna,2026-04-23,14:39:23,-07:00,2026-04-23T14:39:23-07:00,2,26
projects/index.html,27,html,0ceff637,harshatha-prasanna,2026-04-03,04:07:01,-07:00,2026-04-03T04:07:01-07:00,0,5
projects/index.html,28,html,0ceff637,harshatha-prasanna,2026-04-03,04:07:01,-07:00,2026-04-03T04:07:01-07:00,0,5
contact/index.html,1,html,0ceff637,harshatha-prasanna,2026-04-03,04:07:01,-07:00,2026-04-03T04:07:01-07:00,0,13
contact/index.html,2,html,0ceff637,harshatha-prasanna,2026-04-03,04:07:01,-07:00,2026-04-03T04:07:01-07:00,0,14
contact/index.html,3,html,0ceff637,harshatha-prasanna,2026-04-03,04:07:01,-07:00,2026-04-03T04:07:01-07:00,0,4
contact/index.html,4,html,0ceff637,harshatha-prasanna,2026-04-03,04:07:01,-07:00,2026-04-03T04:07:01-07:00,2,20
contact/index.html,5,html,0ceff637,harshatha-prasanna,2026-04-03,04:07:01,-07:00,2026-04-03T04:07:01-07:00,2,68
contact/index.html,6,html,0ceff637,harshatha-prasanna,2026-04-03,04:07:01,-07:00,2026-04-03T04:07:01-07:00,2,30
contact/index.html,7,html,0ceff637,harshatha-prasanna,2026-04-03,04:07:01,-07:00,2026-04-03T04:07:01-07:00,2,41
contact/index.html,8,html,5a2aec79,harshatha-prasanna,2026-04-16,21:06:40,-07:00,2026-04-16T21:06:40-07:00,2,48
contact/index.html,9,html,0ceff637,harshatha-prasanna,2026-04-03,04:07:01,-07:00,2026-04-03T04:07:01-07:00,0,5
contact/index.html,10,html,0ceff637,harshatha-prasanna,2026-04-03,04:07:01,-07:00,2026-04-03T04:07:01-07:00,0,4
contact/index.html,11,html,0ceff637,harshatha-prasanna,2026-04-03,04:07:01,-07:00,2026-04-03T04:07:01-07:00,2,14
contact/index.html,12,html,0ceff637,harshatha-prasanna,2026-04-03,04:07:01,-07:00,2026-04-03T04:07:01-07:00,2,0
contact/index.html,13,html,0ceff637,harshatha-prasanna,2026-04-03,04:07:01,-07:00,2026-04-03T04:07:01-07:00,2,28
contact/index.html,14,html,0ceff637,harshatha-prasanna,2026-04-03,04:07:01,-07:00,2026-04-03T04:07:01-07:00,0,0
contact/index.html,15,html,0ceff637,harshatha-prasanna,2026-04-03,04:07:01,-07:00,2026-04-03T04:07:01-07:00,2,74
contact/index.html,16,html,0ceff637,harshatha-prasanna,2026-04-03,04:07:01,-07:00,2026-04-03T04:07:01-07:00,4,5
contact/index.html,17,html,0ceff637,harshatha-prasanna,2026-04-03,04:07:01,-07:00,2026-04-03T04:07:01-07:00,6,9
contact/index.html,18,html,0ceff637,harshatha-prasanna,2026-04-03,04:07:01,-07:00,2026-04-03T04:07:01-07:00,6,56
contact/index.html,19,html,0ceff637,harshatha-prasanna,2026-04-03,04:07:01,-07:00,2026-04-03T04:07:01-07:00,4,6
contact/index.html,20,html,0ceff637,harshatha-prasanna,2026-04-03,04:07:01,-07:00,2026-04-03T04:07:01-07:00,0,0
contact/index.html,21,html,0ceff637,harshatha-prasanna,2026-04-03,04:07:01,-07:00,2026-04-03T04:07:01-07:00,4,5
contact/index.html,22,html,0ceff637,harshatha-prasanna,2026-04-03,04:07:01,-07:00,2026-04-03T04:07:01-07:00,6,6
contact/index.html,23,html,0ceff637,harshatha-prasanna,2026-04-03,04:07:01,-07:00,2026-04-03T04:07:01-07:00,6,44
contact/index.html,24,html,0ceff637,harshatha-prasanna,2026-04-03,04:07:01,-07:00,2026-04-03T04:07:01-07:00,4,6
contact/index.html,25,html,0ceff637,harshatha-prasanna,2026-04-03,04:07:01,-07:00,2026-04-03T04:07:01-07:00,0,0
contact/index.html,26,html,0ceff637,harshatha-prasanna,2026-04-03,04:07:01,-07:00,2026-04-03T04:07:01-07:00,4,5
contact/index.html,27,html,0ceff637,harshatha-prasanna,2026-04-03,04:07:01,-07:00,2026-04-03T04:07:01-07:00,6,6
contact/index.html,28,html,0ceff637,harshatha-prasanna,2026-04-03,04:07:01,-07:00,2026-04-03T04:07:01-07:00,6,48
contact/index.html,29,html,0ceff637,harshatha-prasanna,2026-04-03,04:07:01,-07:00,2026-04-03T04:07:01-07:00,4,6
contact/index.html,30,html,0ceff637,harshatha-prasanna,2026-04-03,04:07:01,-07:00,2026-04-03T04:07:01-07:00,0,0
contact/index.html,31,html,0ceff637,harshatha-prasanna,2026-04-03,04:07:01,-07:00,2026-04-03T04:07:01-07:00,4,27
contact/index.html,32,html,0ceff637,harshatha-prasanna,2026-04-03,04:07:01,-07:00,2026-04-03T04:07:01-07:00,2,5
contact/index.html,33,html,0ceff637,harshatha-prasanna,2026-04-03,04:07:01,-07:00,2026-04-03T04:07:01-07:00,0,5
contact/index.html,34,html,0ceff637,harshatha-prasanna,2026-04-03,04:07:01,-07:00,2026-04-03T04:07:01-07:00,0,5
